setting,method,estimand_type,n_cells,n_reps,retention,mean_true,bias,abs_bias,rel_abs_bias,rmse,cover95,mcse_bias,never_treated_share,w_already_treated,w_earlier_vs_later,w_treated_vs_untreated,linearity_degree
D_ramp_nt40,corrected,ATT,1,200,1.0,5.276193397701584,-0.0073454758337406,0.0073454758337406,0.001392192302302724,0.1434554018224599,0.995,0.0183366751046295,0.4,0.0765002249808596,0.1423103197415362,0.7811894552776042,1
D_ramp_nt30,corrected,ATT,1,200,1.0,5.28465171594592,-0.0137904695212836,0.0137904695212836,0.002609532332977064,0.1598616100671294,0.995,0.0176966494238543,0.3,0.0997907306255663,0.1861159313816823,0.7140933379927514,1
D_ramp_nt10,corrected,ATT,1,200,1.0,5.321743843263681,0.0437015592618416,0.0437015592618416,0.008211887033450415,0.3616417293799708,0.99,0.0267946337071276,0.1,0.1955276342967005,0.3674233427442675,0.437049022959032,1
D_ramp_nt05,corrected,ATT,1,200,1.0,5.33096622403097,0.1490642859317342,0.1490642859317342,0.027961964054429963,0.6330735808946847,0.975,0.0440851047573131,0.05,0.2499790825645787,0.470983604530768,0.2790373129046532,1
D_ramp_nt40,plain,ATT,1,200,1.0,5.276193397701584,-0.0033764849367678,0.0033764849367678,0.0006399471517171195,0.1006181280826444,0.975,0.0159115870695966,0.4,0.0765002249808596,0.1423103197415362,0.7811894552776042,1
D_ramp_nt30,plain,ATT,1,200,1.0,5.28465171594592,-0.0150456904599971,0.0150456904599971,0.002847054312888435,0.1051421843226264,0.965,0.0149021730149415,0.3,0.0997907306255663,0.1861159313816823,0.7140933379927514,1
D_ramp_nt10,plain,ATT,1,200,1.0,5.321743843263681,-0.1190907025872268,0.1190907025872268,0.022378135080284457,0.1920310587660277,0.85,0.0147866226254808,0.1,0.1955276342967005,0.3674233427442675,0.437049022959032,1
D_ramp_nt05,plain,ATT,1,200,1.0,5.33096622403097,-0.2466974866444933,0.2466974866444933,0.04627631770248863,0.3055821018450321,0.67,0.0164697861600178,0.05,0.2499790825645787,0.470983604530768,0.2790373129046532,1
D_ramp_nt40,synthdid,ATT,1,200,1.0,5.276193397701584,-1.246982600783176,1.246982600783176,0.2363413367914805,1.2648264701929397,0.0,0.0170628497723004,0.4,0.0765002249808596,0.1423103197415362,0.7811894552776042,1
D_ramp_nt30,synthdid,ATT,1,200,1.0,5.284651715945921,-1.2686317480689815,1.2686317480689815,0.24005967020324326,1.28596796808927,0.0,0.0159525996522068,0.3,0.0997907306255663,0.1861159313816823,0.7140933379927514,1
D_ramp_nt25,synthdid,ATT,1,200,1.0,5.292340250223016,-1.2798688478047635,1.2798688478047635,0.24183419570403294,1.2974441243466863,0.0,0.0161266020130871,0.25,0.1156694565829944,0.2161656593135918,0.6681648841034138,1
D_ramp_nt20,synthdid,ATT,1,200,1.0,5.302292602742,-1.2904940478974272,1.2904940478974272,0.24338416315049605,1.310947885287352,0.0,0.01665721892176,0.2,0.1355908242163013,0.2538615667589874,0.6105476090247112,1
D_ramp_nt10,synthdid,ATT,1,200,1.0,5.3217438432636825,-1.300323296218023,1.300323296218023,0.24434157947380075,1.329951167300561,0.005,0.0199780023455278,0.1,0.1955276342967005,0.3674233427442675,0.437049022959032,1
D_ramp_nt05,synthdid,ATT,1,200,1.0,5.330966224030968,-1.313885532768143,1.313885532768143,0.24646292577233,1.3750409383327078,0.08,0.0284323989077766,0.05,0.2499790825645787,0.470983604530768,0.2790373129046532,1
D_ramp_nt40,twfe,ATT,1,200,1.0,5.276193397701584,-0.2607162891748262,0.2607162891748262,0.04941370975681056,0.3152794488533242,0.885,0.0193974415701273,0.4,0.0765002249808596,0.1423103197415362,0.7811894552776042,1
D_ramp_nt30,twfe,ATT,1,200,1.0,5.28465171594592,-0.3862460209581564,0.3862460209581564,0.07308826422613562,0.4243394627058259,0.69,0.0178747569855859,0.3,0.0997907306255663,0.1861159313816823,0.7140933379927514,1
D_ramp_nt25,twfe,ATT,1,200,1.0,5.292340250223015,-0.4681556268758477,0.4681556268758477,0.08845909460490943,0.4985356562131802,0.5,0.0170199933762877,0.25,0.1156694565829944,0.2161656593135918,0.6681648841034138,1
D_ramp_nt20,twfe,ATT,1,200,1.0,5.302292602742,-0.5725054296164309,0.5725054296164309,0.10797318679100593,0.5995663355731913,0.24,0.0163028224173899,0.2,0.1355908242163013,0.2538615667589874,0.6105476090247112,1
D_ramp_nt10,twfe,ATT,1,200,1.0,5.321743843263681,-0.8892186289559366,0.8892186289559366,0.16709158786015582,0.9079123104186066,0.005,0.0153694063817941,0.1,0.1955276342967005,0.3674233427442675,0.437049022959032,1
D_ramp_nt05,twfe,ATT,1,200,1.0,5.33096622403097,-1.181279853645703,1.181279853645703,0.22158832076645332,1.1934721101876993,0.0,0.0147094633783563,0.05,0.2499790825645787,0.470983604530768,0.2790373129046532,1
D_ramp_nt40,corrected,ES,4,200,1.0,5.459783068535404,-0.005996443731341925,0.011257116876465075,0.0022432840521912907,0.2087205375292315,0.99375,0.024310848758557574,0.4,0.0765002249808596,0.1423103197415362,0.7811894552776042,1
D_ramp_nt30,corrected,ES,4,200,1.0,5.4685570725243995,-0.011821430211527675,0.011821430211527675,0.00242440145724448,0.22060065840537918,0.99125,0.023418958645823374,0.3,0.0997907306255663,0.1861159313816823,0.7140933379927514,1
D_ramp_nt10,corrected,ES,4,200,1.0,5.504666877058478,0.06647364048820327,0.07611494114797632,0.013051011553849337,0.5010007808235024,0.98,0.037319249782510076,0.1,0.1955276342967005,0.3674233427442675,0.437049022959032,1
D_ramp_nt05,corrected,ES,4,200,1.0,5.5133860571414885,0.22047398500306875,0.25787872409046203,0.04427319382733985,0.9782397481570921,0.95375,0.06744495545378147,0.05,0.2499790825645787,0.470983604530768,0.2790373129046532,1
D_ramp_nt40,did2s,ES,4,200,1.0,5.459783068535403,-0.0101032421990945,0.0101032421990945,0.0018451523442863213,0.2364387127638352,0.99625,0.026249819721171873,0.4,0.0765002249808596,0.1423103197415362,0.7811894552776042,1
D_ramp_nt30,did2s,ES,4,200,1.0,5.4685570725243995,-0.0131101135507637,0.0131101135507637,0.002409145312414333,0.23234862171598397,0.995,0.024178681428203598,0.3,0.0997907306255663,0.1861159313816823,0.7140933379927514,1
D_ramp_nt25,did2s,ES,4,200,1.0,5.475819888078235,-0.012235771667541976,0.012235771667541976,0.0022368332306511966,0.23104835589805878,0.99375,0.023431394568065225,0.25,0.1156694565829944,0.2161656593135918,0.6681648841034138,1
D_ramp_nt20,did2s,ES,4,200,1.0,5.486544015628937,-0.00863324607553875,0.00863324607553875,0.0015826475627531938,0.2329209712269191,0.9924999999999999,0.02282021143692885,0.2,0.1355908242163013,0.2538615667589874,0.6105476090247112,1
D_ramp_nt10,did2s,ES,4,200,1.0,5.504666877058478,-0.006095784734753525,0.006095784734753525,0.0011035890033690137,0.2636235987204561,0.99125,0.023623794127468924,0.1,0.1955276342967005,0.3674233427442675,0.437049022959032,1
D_ramp_nt05,did2s,ES,4,200,1.0,5.513386057141489,-0.004845306117702375,0.007825509881448376,0.0014528647366275939,0.34643469728549037,0.98125,0.028512344899937626,0.05,0.2499790825645787,0.470983604530768,0.2790373129046532,1
D_ramp_nt40,plain,ES,4,200,1.0,5.459783068535404,-0.048048433571155055,0.09996198789501935,0.018608655671123395,0.19717868377503578,0.8975,0.020702280727427774,0.4,0.0765002249808596,0.1423103197415362,0.7811894552776042,1
D_ramp_nt30,plain,ES,4,200,1.0,5.4685570725243995,-0.06367379250830175,0.11305845188014205,0.020703557332084732,0.2046430183308688,0.87625,0.0194272235000765,0.3,0.0997907306255663,0.1861159313816823,0.7140933379927514,1
D_ramp_nt10,plain,ES,4,200,1.0,5.504666877058478,-0.1990283848294897,0.24195474803192524,0.04182214818444588,0.3217926697075797,0.7424999999999999,0.0188242226251994,0.1,0.1955276342967005,0.3674233427442675,0.437049022959032,1
D_ramp_nt05,plain,ES,4,200,1.0,5.5133860571414885,-0.35436131107874685,0.3785964933709165,0.06383333884356762,0.45435284739776255,0.63125,0.02042979753369705,0.05,0.2499790825645787,0.470983604530768,0.2790373129046532,1
D_ramp_nt40,twfe,ES,4,200,1.0,5.459783068535404,-0.07070617122224955,0.18290000306830556,0.0350969499962744,0.31018029586158846,0.97,0.0261600491267789,0.4,0.0765002249808596,0.1423103197415362,0.7811894552776042,1
D_ramp_nt30,twfe,ES,4,200,1.0,5.4685570725243995,-0.20118566712797198,0.30852148195168705,0.05580495023081734,0.39370539185409603,0.94875,0.0244549648600479,0.3,0.0997907306255663,0.1861159313816823,0.7140933379927514,1
D_ramp_nt25,twfe,ES,4,200,1.0,5.475819888078235,-0.29552138366169384,0.3956777932384271,0.07000058467090851,0.46635548508958025,0.9,0.02392989044266725,0.25,0.1156694565829944,0.2161656593135918,0.6681648841034138,1
D_ramp_nt20,twfe,ES,4,200,1.0,5.486544015628937,-0.4209118914614557,0.5068531241583198,0.08785638136895121,0.5705471448398945,0.78375,0.023556516402397448,0.2,0.1355908242163013,0.2538615667589874,0.6105476090247112,1
D_ramp_nt10,twfe,ES,4,200,1.0,5.504666877058478,-0.8670071232652052,0.8811464237874455,0.14724235317882706,0.9539384943154519,0.4,0.025234467526610325,0.1,0.1955276342967005,0.3674233427442675,0.437049022959032,1
D_ramp_nt05,twfe,ES,4,200,1.0,5.5133860571414885,-1.3825907756232747,1.3825907756232747,0.23363263146116897,1.4339804268470053,0.23750000000000002,0.0282866497804653,0.05,0.2499790825645787,0.470983604530768,0.2790373129046532,1
D_ramp_nt40,corrected,GATT,9,200,1.0,5.3427138471545215,-0.00883959244016268,0.023837787978372414,0.00503111037879024,0.3131388029343432,0.991111111111111,0.03227072132287615,0.4,0.0765002249808596,0.1423103197415362,0.7811894552776042,1
D_ramp_nt30,corrected,GATT,9,200,1.0,5.343509899783556,-0.014519906814988246,0.03532910086793211,0.007399700933931645,0.32927936063827634,0.9877777777777779,0.031731265023291794,0.3,0.0997907306255663,0.1861159313816823,0.7140933379927514,1
D_ramp_nt10,corrected,GATT,9,200,1.0,5.350744098597512,0.0416039187001691,0.11256783411669484,0.019048319260889575,0.7385140618964618,0.9611111111111111,0.05414353462123058,0.1,0.1955276342967005,0.3674233427442675,0.437049022959032,1
D_ramp_nt05,corrected,GATT,9,200,1.0,5.347750327196683,0.1513622424004305,0.33866689518370535,0.05853507252090758,1.5315840873728588,0.9388888888888888,0.10587845232503443,0.05,0.2499790825645787,0.470983604530768,0.2790373129046532,1
D_ramp_nt40,did_dr,GATT,9,200,1.0,5.342713847154522,-0.009367403074402543,0.013450936353895234,0.0030088584268417443,0.2790974848337763,0.9933333333333333,0.030588710254957567,0.4,0.0765002249808596,0.1423103197415362,0.7811894552776042,1
D_ramp_nt30,did_dr,GATT,9,200,1.0,5.343509899783556,-0.007742041122485644,0.0142065108437292,0.003235407415349865,0.28422328973135874,0.9922222222222222,0.029704298064290043,0.3,0.0997907306255663,0.1861159313816823,0.7140933379927514,1
D_ramp_nt25,did_dr,GATT,9,200,1.0,5.345413635983718,-0.008087875731784612,0.012284622216981123,0.0027954703728065335,0.2928949381099385,0.99,0.02964320929564336,0.25,0.1156694565829944,0.2161656593135918,0.6681648841034138,1
D_ramp_nt20,did_dr,GATT,9,200,1.0,5.347863419040568,-0.0049001341964937,0.0173473696579131,0.0039009946946485766,0.30422120704100064,0.9866666666666666,0.02923191525791333,0.2,0.1355908242163013,0.2538615667589874,0.6105476090247112,1
D_ramp_nt10,did_dr,GATT,9,200,1.0,5.350744098597512,-0.007957528601484111,0.016731336744487624,0.0034831520901649543,0.3769411307482115,0.9633333333333334,0.032508046605619734,0.1,0.1955276342967005,0.3674233427442675,0.437049022959032,1
D_ramp_nt05,did_dr,GATT,9,184,0.92,5.347647769250771,0.002622358344083445,0.03343161031233969,0.007408716766037598,0.5702378257821219,0.9057971014492754,0.04604302372902327,0.05,0.2499790825645787,0.470983604530768,0.2790373129046532,1
D_ramp_nt40,doubleml,GATT,9,199,0.995,5.342251835615095,-0.010981429331363845,0.023199504073437308,0.005216773012668577,0.40909953971111135,0.9888860971524287,0.036768043898524456,0.4,0.0765002249808596,0.1423103197415362,0.7811894552776042,1
D_ramp_nt30,doubleml,GATT,9,200,1.0,5.343509899783556,-0.014478858728143144,0.0233490808978219,0.005204022656814137,0.4054793489837474,0.9861111111111112,0.03599389843785908,0.3,0.0997907306255663,0.1861159313816823,0.7140933379927514,1
D_ramp_nt25,doubleml,GATT,9,200,1.0,5.345413635983718,-0.008054980066231156,0.01718220892212211,0.003489272354556409,0.41764124665746144,0.99,0.03617898298692982,0.25,0.1156694565829944,0.2161656593135918,0.6681648841034138,1
D_ramp_nt20,doubleml,GATT,9,200,1.0,5.347863419040568,0.0037994858802513224,0.021107773066065563,0.00468379511751617,0.43096959621966746,0.9888888888888889,0.03595184056530521,0.2,0.1355908242163013,0.2538615667589874,0.6105476090247112,1
D_ramp_nt10,doubleml,GATT,9,200,1.0,5.350744098597512,0.03272417992584274,0.08620104642460003,0.014918868808835754,1.4043844110075125,0.9877777777777779,0.10237902385698032,0.1,0.1955276342967005,0.3674233427442675,0.437049022959032,1
D_ramp_nt05,doubleml,GATT,9,185,0.925,5.346704722677911,-0.1384253044430109,0.19977200483444463,0.03848771805708612,2.8574949604795243,0.9867867867867868,0.21121276377986775,0.05,0.2499790825645787,0.470983604530768,0.2790373129046532,1
D_ramp_nt40,plain,GATT,9,200,1.0,5.3427138471545215,-0.008592807711847419,0.25083801025247,0.0460346498811485,0.3171609844323996,0.7388888888888889,0.024979854375374796,0.4,0.0765002249808596,0.1423103197415362,0.7811894552776042,1
D_ramp_nt30,plain,GATT,9,200,1.0,5.343509899783556,-0.01895213028198443,0.2533449136183624,0.046328453339595746,0.31711432431826503,0.7266666666666667,0.02347056013992271,0.3,0.0997907306255663,0.1861159313816823,0.7140933379927514,1
D_ramp_nt10,plain,GATT,9,200,1.0,5.350744098597512,-0.12161318464433989,0.29393736415348115,0.05002172123606835,0.3821793155626791,0.67,0.021539567370846932,0.1,0.1955276342967005,0.3674233427442675,0.437049022959032,1
D_ramp_nt05,plain,GATT,9,200,1.0,5.347750327196683,-0.24859599732599136,0.3571049675762865,0.05750604400708142,0.4622817336975815,0.6522222222222223,0.02231107212484519,0.05,0.2499790825645787,0.470983604530768,0.2790373129046532,1
D_ramp_nt40,wang,GATT,9,200,1.0,5.342713847154522,-0.009877275542383077,0.02088432644643212,0.004521481054510252,0.2932258335521627,0.9772222222222222,0.030400707319743134,0.4,0.0765002249808596,0.1423103197415362,0.7811894552776042,1
D_ramp_nt30,wang,GATT,9,200,1.0,5.343509899783556,-0.008942979169736567,0.0209845341530877,0.0044932899087164035,0.2905139272092298,0.9666666666666666,0.02861830227969077,0.3,0.0997907306255663,0.1861159313816823,0.7140933379927514,1
D_ramp_nt25,wang,GATT,9,200,1.0,5.345413635983718,-0.009801854472548633,0.022398414491737524,0.0047541335729176905,0.2997781568668051,0.9550000000000001,0.0284948648740121,0.25,0.1156694565829944,0.2161656593135918,0.6681648841034138,1
D_ramp_nt20,wang,GATT,9,200,1.0,5.347863419040568,-0.003904584200596544,0.027597398498153212,0.005728652071834467,0.31177178458248506,0.9438888888888888,0.027653784632624478,0.2,0.1355908242163013,0.2538615667589874,0.6105476090247112,1
D_ramp_nt10,wang,GATT,9,200,1.0,5.350744098597512,-0.010735006966418466,0.012296214881994179,0.0025122896028225428,0.3883799308458007,0.8555555555555556,0.030093537208092665,0.1,0.1955276342967005,0.3674233427442675,0.437049022959032,1
D_ramp_nt05,wang,GATT,9,200,1.0,5.347750327196683,-0.0031721678649661448,0.01569965876571199,0.003259376381701602,0.5364700453552308,0.695,0.0387147772970958,0.05,0.2499790825645787,0.470983604530768,0.2790373129046532,1
D_ramp_nt40,corrected,ATT,1,200,1.0,5.276193397701584,-0.0496757119125782,0.0496757119125782,0.009415066539110931,3.618647576241273,1.0,0.2583376235134773,0.4,0.0765002249808596,0.1423103197415362,0.7811894552776042,2
D_ramp_nt30,corrected,ATT,1,200,1.0,5.28465171594592,0.3844981164268348,0.3844981164268348,0.07275751309526214,2.888330763390389,1.0,0.2030693615403175,0.3,0.0997907306255663,0.1861159313816823,0.7140933379927514,2
D_ramp_nt10,corrected,ATT,1,200,1.0,5.321743843263681,0.1428715881281303,0.1428715881281303,0.026846761575903107,1.4697945051293626,0.98,0.1024255213636388,0.1,0.1955276342967005,0.3674233427442675,0.437049022959032,2
D_ramp_nt05,corrected,ATT,1,200,1.0,5.33096622403097,0.4045101473014252,0.4045101473014252,0.07587933036941245,2.316660902982536,0.965,0.1611225933542564,0.05,0.2499790825645787,0.470983604530768,0.2790373129046532,2
D_ramp_nt40,plain,ATT,1,200,1.0,5.276193397701584,-0.0103584033830107,0.0103584033830107,0.001963234211149847,0.1145932013609006,0.93,0.0166573873953951,0.4,0.0765002249808596,0.1423103197415362,0.7811894552776042,2
D_ramp_nt30,plain,ATT,1,200,1.0,5.28465171594592,-0.0193212391355735,0.0193212391355735,0.0036561045408675754,0.1184878771116801,0.935,0.0153900109402197,0.3,0.0997907306255663,0.1861159313816823,0.7140933379927514,2
D_ramp_nt10,plain,ATT,1,200,1.0,5.321743843263681,-0.1327243248264773,0.1327243248264773,0.02494000627153093,0.208460185486429,0.82,0.015248717491756,0.1,0.1955276342967005,0.3674233427442675,0.437049022959032,2
D_ramp_nt05,plain,ATT,1,200,1.0,5.33096622403097,-0.2684038714977862,0.2684038714977862,0.050348072041400904,0.3304585923971714,0.65,0.0172389180582244,0.05,0.2499790825645787,0.470983604530768,0.2790373129046532,2
D_ramp_nt40,synthdid,ATT,1,200,1.0,5.276193397701584,-1.2469826007831752,1.2469826007831752,0.2363413367914804,1.2648264701929388,0.0,0.0170628497723004,0.4,0.0765002249808596,0.1423103197415362,0.7811894552776042,2
D_ramp_nt30,synthdid,ATT,1,200,1.0,5.284651715945921,-1.268631748068982,1.268631748068982,0.24005967020324334,1.28596796808927,0.0,0.0159525996522068,0.3,0.0997907306255663,0.1861159313816823,0.7140933379927514,2
D_ramp_nt25,synthdid,ATT,1,200,1.0,5.292340250223016,-1.2798688478047635,1.2798688478047635,0.24183419570403294,1.2974441243466863,0.0,0.0161266020130871,0.25,0.1156694565829944,0.2161656593135918,0.6681648841034138,2
D_ramp_nt20,synthdid,ATT,1,200,1.0,5.302292602742,-1.2904940478974274,1.2904940478974274,0.24338416315049607,1.3109478852873522,0.0,0.01665721892176,0.2,0.1355908242163013,0.2538615667589874,0.6105476090247112,2
D_ramp_nt10,synthdid,ATT,1,200,1.0,5.3217438432636825,-1.300323296218023,1.300323296218023,0.24434157947380075,1.3299511673005613,0.005,0.0199780023455278,0.1,0.1955276342967005,0.3674233427442675,0.437049022959032,2
D_ramp_nt05,synthdid,ATT,1,200,1.0,5.330966224030968,-1.313885532768143,1.313885532768143,0.24646292577233,1.3750409383327078,0.08,0.0284323989077767,0.05,0.2499790825645787,0.470983604530768,0.2790373129046532,2
D_ramp_nt40,twfe,ATT,1,200,1.0,5.276193397701584,-0.2607162891748262,0.2607162891748262,0.04941370975681056,0.3152794488533242,0.885,0.0193974415701273,0.4,0.0765002249808596,0.1423103197415362,0.7811894552776042,2
D_ramp_nt30,twfe,ATT,1,200,1.0,5.28465171594592,-0.3862460209581564,0.3862460209581564,0.07308826422613562,0.4243394627058259,0.69,0.0178747569855859,0.3,0.0997907306255663,0.1861159313816823,0.7140933379927514,2
D_ramp_nt25,twfe,ATT,1,200,1.0,5.292340250223015,-0.4681556268758477,0.4681556268758477,0.08845909460490943,0.4985356562131802,0.5,0.0170199933762877,0.25,0.1156694565829944,0.2161656593135918,0.6681648841034138,2
D_ramp_nt20,twfe,ATT,1,200,1.0,5.302292602742,-0.5725054296164309,0.5725054296164309,0.10797318679100593,0.5995663355731913,0.24,0.0163028224173899,0.2,0.1355908242163013,0.2538615667589874,0.6105476090247112,2
D_ramp_nt10,twfe,ATT,1,200,1.0,5.321743843263681,-0.8892186289559366,0.8892186289559366,0.16709158786015582,0.9079123104186066,0.005,0.0153694063817941,0.1,0.1955276342967005,0.3674233427442675,0.437049022959032,2
D_ramp_nt05,twfe,ATT,1,200,1.0,5.33096622403097,-1.181279853645703,1.181279853645703,0.22158832076645332,1.1934721101876993,0.0,0.0147094633783563,0.05,0.2499790825645787,0.470983604530768,0.2790373129046532,2
D_ramp_nt40,corrected,ES,4,200,1.0,5.459783068535404,-0.013653011448410399,0.11590108039257334,0.0209778335443617,4.790295765185081,0.99,0.3415918131963452,0.4,0.0765002249808596,0.1423103197415362,0.7811894552776042,2
D_ramp_nt30,corrected,ES,4,200,1.0,5.4685570725243995,0.45750843280972797,0.45750843280972797,0.08173471682196885,3.882945135775489,0.99125,0.273741980519913,0.3,0.0997907306255663,0.1861159313816823,0.7140933379927514,2
D_ramp_nt10,corrected,ES,4,200,1.0,5.504666877058478,0.18423788170564,0.20784621772927017,0.03576154448527688,1.9482467616436057,0.97,0.13644896198691264,0.1,0.1955276342967005,0.3674233427442675,0.437049022959032,2
D_ramp_nt05,corrected,ES,4,200,1.0,5.5133860571414885,0.5105064718223031,0.5105064718223031,0.08768815582926927,3.3566593052621942,0.9612499999999999,0.23478478290189336,0.05,0.2499790825645787,0.470983604530768,0.2790373129046532,2
D_ramp_nt40,did2s,ES,4,200,1.0,5.459783068535403,-0.0101032421990945,0.0101032421990945,0.0018451523442863213,0.2364387127638352,0.99625,0.026249819721171873,0.4,0.0765002249808596,0.1423103197415362,0.7811894552776042,2
D_ramp_nt30,did2s,ES,4,200,1.0,5.4685570725243995,-0.0131101135507637,0.0131101135507637,0.002409145312414333,0.23234862171598397,0.995,0.024178681428203598,0.3,0.0997907306255663,0.1861159313816823,0.7140933379927514,2
D_ramp_nt25,did2s,ES,4,200,1.0,5.475819888078235,-0.012235771667541976,0.012235771667541976,0.0022368332306511966,0.23104835589805878,0.99375,0.023431394568065225,0.25,0.1156694565829944,0.2161656593135918,0.6681648841034138,2
D_ramp_nt20,did2s,ES,4,200,1.0,5.486544015628937,-0.00863324607553875,0.00863324607553875,0.0015826475627531938,0.2329209712269191,0.9924999999999999,0.02282021143692885,0.2,0.1355908242163013,0.2538615667589874,0.6105476090247112,2
D_ramp_nt10,did2s,ES,4,200,1.0,5.504666877058478,-0.006095784734753525,0.006095784734753525,0.0011035890033690137,0.2636235987204561,0.99125,0.023623794127468924,0.1,0.1955276342967005,0.3674233427442675,0.437049022959032,2
D_ramp_nt05,did2s,ES,4,200,1.0,5.513386057141489,-0.004845306117702375,0.007825509881448376,0.0014528647366275939,0.34643469728549037,0.98125,0.028512344899937626,0.05,0.2499790825645787,0.470983604530768,0.2790373129046532,2
D_ramp_nt40,plain,ES,4,200,1.0,5.459783068535404,-0.05658211286777488,0.10748106735609914,0.019856929025756226,0.21287554242327245,0.8775,0.02139825655406585,0.4,0.0765002249808596,0.1423103197415362,0.7811894552776042,2
D_ramp_nt30,plain,ES,4,200,1.0,5.4685570725243995,-0.06951362331110919,0.1201113725419152,0.021930256066994037,0.21945457369611515,0.86625,0.0198720942858527,0.3,0.0997907306255663,0.1861159313816823,0.7140933379927514,2
D_ramp_nt10,plain,ES,4,200,1.0,5.504666877058478,-0.21526765778297552,0.25586015517605754,0.04404568482032078,0.34056265041154477,0.73125,0.019401705763703224,0.1,0.1955276342967005,0.3674233427442675,0.437049022959032,2
D_ramp_nt05,plain,ES,4,200,1.0,5.5133860571414885,-0.3796214385896334,0.40026496167091397,0.06730261113417348,0.4818442645602069,0.615,0.0213056584055505,0.05,0.2499790825645787,0.470983604530768,0.2790373129046532,2
D_ramp_nt40,twfe,ES,4,200,1.0,5.459783068535404,-0.07070617122224955,0.18290000306830556,0.0350969499962744,0.31018029586158846,0.97,0.0261600491267789,0.4,0.0765002249808596,0.1423103197415362,0.7811894552776042,2
D_ramp_nt30,twfe,ES,4,200,1.0,5.4685570725243995,-0.20118566712797198,0.30852148195168705,0.05580495023081734,0.39370539185409603,0.94875,0.0244549648600479,0.3,0.0997907306255663,0.1861159313816823,0.7140933379927514,2
D_ramp_nt25,twfe,ES,4,200,1.0,5.475819888078235,-0.29552138366169384,0.3956777932384271,0.07000058467090851,0.46635548508958025,0.9,0.02392989044266725,0.25,0.1156694565829944,0.2161656593135918,0.6681648841034138,2
D_ramp_nt20,twfe,ES,4,200,1.0,5.486544015628937,-0.4209118914614557,0.5068531241583198,0.08785638136895121,0.5705471448398945,0.78375,0.023556516402397448,0.2,0.1355908242163013,0.2538615667589874,0.6105476090247112,2
D_ramp_nt10,twfe,ES,4,200,1.0,5.504666877058478,-0.8670071232652052,0.8811464237874455,0.14724235317882706,0.9539384943154519,0.4,0.025234467526610325,0.1,0.1955276342967005,0.3674233427442675,0.437049022959032,2
D_ramp_nt05,twfe,ES,4,200,1.0,5.5133860571414885,-1.3825907756232747,1.3825907756232747,0.23363263146116897,1.4339804268470053,0.23750000000000002,0.0282866497804653,0.05,0.2499790825645787,0.470983604530768,0.2790373129046532,2
D_ramp_nt40,corrected,GATT,9,200,1.0,5.3427138471545215,-0.06026672209988339,0.17967332712303835,0.034104285196039266,5.409189762955301,0.9877777777777779,0.3852039721926584,0.4,0.0765002249808596,0.1423103197415362,0.7811894552776042,2
D_ramp_nt30,corrected,GATT,9,200,1.0,5.343509899783556,0.37377606088807,0.37377606088806997,0.07988467003199312,4.344235957187433,0.9844444444444443,0.30763563813566047,0.3,0.0997907306255663,0.1861159313816823,0.7140933379927514,2
D_ramp_nt10,corrected,GATT,9,200,1.0,5.350744098597512,0.14640292724414772,0.21855309190972352,0.036655724688603925,2.5541332472906704,0.9488888888888888,0.17964756591111264,0.1,0.1955276342967005,0.3674233427442675,0.437049022959032,2
D_ramp_nt05,corrected,GATT,9,200,1.0,5.347750327196683,0.42869618093284,0.4758003320122454,0.07304267026478553,4.502909595964522,0.9466666666666667,0.3170418927115495,0.05,0.2499790825645787,0.470983604530768,0.2790373129046532,2
D_ramp_nt40,did_dr,GATT,9,199,0.995,5.343488405676363,-0.005932276139991933,0.012091026226434978,0.0026082467881654546,0.28538987318634695,0.9949748743718592,0.031114792781534124,0.4,0.0765002249808596,0.1423103197415362,0.7811894552776042,2
D_ramp_nt30,did_dr,GATT,9,199,0.995,5.3428418867676655,-0.003745612251903922,0.015015085175633634,0.0032081296060629417,0.2900832613362604,0.9916610831937464,0.030024056179073888,0.3,0.0997907306255663,0.1861159313816823,0.7140933379927514,2
D_ramp_nt25,did_dr,GATT,9,199,0.995,5.345489511034798,-0.007079096399556734,0.016958556192644268,0.003333345471422438,0.3037836033641929,0.9893914014517029,0.030248310290541775,0.25,0.1156694565829944,0.2161656593135918,0.6681648841034138,2
D_ramp_nt20,did_dr,GATT,9,198,0.99,5.3491089233469555,-0.012203350773127633,0.026064135137057746,0.005597470337647243,0.3178636497241615,0.98542375175541,0.030154262550988322,0.2,0.1355908242163013,0.2538615667589874,0.6105476090247112,2
D_ramp_nt10,did_dr,GATT,9,192,0.96,5.347947258369296,-0.01870851529458388,0.027688042887704076,0.005518948858567688,0.3995672360153279,0.9603796773577701,0.03502783651706761,0.1,0.1955276342967005,0.3674233427442675,0.437049022959032,2
D_ramp_nt05,did_dr,GATT,9,157,0.785,5.3471990158063605,-0.021695330704942187,0.030399614812409943,0.00607396701043009,0.5850936412096489,0.9036746297663952,0.0500808582215238,0.05,0.2499790825645787,0.470983604530768,0.2790373129046532,2
D_ramp_nt40,doubleml,GATT,9,199,0.995,5.343239838446534,-0.017099243850303744,0.021502947353906524,0.004366436295129183,0.41620468170278935,0.9888833054159688,0.037900785854129974,0.4,0.0765002249808596,0.1423103197415362,0.7811894552776042,2
D_ramp_nt30,doubleml,GATT,9,200,1.0,5.343509899783556,-0.023879105889964836,0.027812035502730474,0.00641493846214771,0.4282230199918536,0.9927777777777779,0.03734698807055477,0.3,0.0997907306255663,0.1861159313816823,0.7140933379927514,2
D_ramp_nt25,doubleml,GATT,9,200,1.0,5.345413635983718,-0.017350172197955357,0.024157514351577845,0.005101579897526546,0.45417552887301205,0.9894444444444443,0.03887582609118858,0.25,0.1156694565829944,0.2161656593135918,0.6681648841034138,2
D_ramp_nt20,doubleml,GATT,9,200,1.0,5.347863419040568,-0.004550107581594344,0.010978432053286613,0.002130764844049043,0.47748348018856873,0.9877777777777779,0.03947073073683579,0.2,0.1355908242163013,0.2538615667589874,0.6105476090247112,2
D_ramp_nt10,doubleml,GATT,9,200,1.0,5.350744098597512,0.3011662169850217,0.351286594622955,0.0592296805941841,5.146792402032247,0.9866666666666666,0.3669448974836225,0.1,0.1955276342967005,0.3674233427442675,0.437049022959032,2
D_ramp_nt05,doubleml,GATT,9,185,0.925,5.346704722677911,0.04913148322007642,0.18980750081091602,0.03649717677082224,3.67062608297301,0.9825825825825826,0.27168546563532464,0.05,0.2499790825645787,0.470983604530768,0.2790373129046532,2
D_ramp_nt40,plain,GATT,9,200,1.0,5.3427138471545215,-0.015669182233793003,0.2561349750235895,0.04681672012007273,0.3319173669116321,0.7422222222222222,0.0253943499563242,0.4,0.0765002249808596,0.1423103197415362,0.7811894552776042,2
D_ramp_nt30,plain,GATT,9,200,1.0,5.343509899783556,-0.02317826160828801,0.2581701228572423,0.04698479210159425,0.3305794521377975,0.7161111111111111,0.023857637313035387,0.3,0.0997907306255663,0.1861159313816823,0.7140933379927514,2
D_ramp_nt10,plain,GATT,9,200,1.0,5.350744098597512,-0.1352565652674238,0.2970838280555159,0.05017030172171863,0.3963573165388983,0.6705555555555556,0.021983810004639323,0.1,0.1955276342967005,0.3674233427442675,0.437049022959032,2
D_ramp_nt05,plain,GATT,9,200,1.0,5.347750327196683,-0.27021352942967075,0.37157909255182153,0.05955668197512079,0.48548567134768983,0.6505555555555556,0.02311072422884322,0.05,0.2499790825645787,0.470983604530768,0.2790373129046532,2
D_ramp_nt40,wang,GATT,9,200,1.0,5.342713847154522,-0.011383044028985522,0.018496747854026985,0.004105652388251387,0.2946294335413734,0.9794444444444443,0.030569220681552378,0.4,0.0765002249808596,0.1423103197415362,0.7811894552776042,2
D_ramp_nt30,wang,GATT,9,200,1.0,5.343509899783556,-0.009429151604364631,0.021050500374164276,0.004519358596255286,0.2934592937263759,0.9633333333333334,0.02876622955913469,0.3,0.0997907306255663,0.1861159313816823,0.7140933379927514,2
D_ramp_nt25,wang,GATT,9,200,1.0,5.345413635983718,-0.010206401184670422,0.020066742715684045,0.004317379312827742,0.2985784838569829,0.9533333333333334,0.028103991915167843,0.25,0.1156694565829944,0.2161656593135918,0.6681648841034138,2
D_ramp_nt20,wang,GATT,9,200,1.0,5.347863419040568,-0.008460569276903123,0.02637369303639259,0.00563870559323196,0.3125992720269734,0.941111111111111,0.02749892118808329,0.2,0.1355908242163013,0.2538615667589874,0.6105476090247112,2
D_ramp_nt10,wang,GATT,9,200,1.0,5.350744098597512,-0.010926320080421999,0.0128295035182872,0.002586480927926197,0.3919717533058573,0.8516666666666667,0.03032295013194129,0.1,0.1955276342967005,0.3674233427442675,0.437049022959032,2
D_ramp_nt05,wang,GATT,9,200,1.0,5.347750327196683,-0.0007488505332248663,0.01548491473381127,0.003212964328490933,0.5476873432135494,0.6855555555555556,0.03933928775968665,0.05,0.2499790825645787,0.470983604530768,0.2790373129046532,2
D_ramp_nt40,corrected,ATT,1,200,1.0,5.266030338171408,-0.0651164597810759,0.0651164597810759,0.012365378776698643,3.516451422183395,0.995,0.2502603364295402,0.4,0.0765002249808596,0.1423103197415362,0.7811894552776042,3
D_ramp_nt30,corrected,ATT,1,200,1.0,5.277284937864168,0.3819321921908893,0.3819321921908893,0.07237285776452039,2.999730617081,1.0,0.2107885218129363,0.3,0.0997907306255663,0.1861159313816823,0.7140933379927514,3
D_ramp_nt10,corrected,ATT,1,200,1.0,5.309855179069748,0.1309692721987621,0.1309692721987621,0.024665319068401984,1.4112277292725632,0.95,0.098279626731862,0.1,0.1955276342967005,0.3674233427442675,0.437049022959032,3
D_ramp_nt05,corrected,ATT,1,200,1.0,5.323295742994992,0.3614495073319484,0.3614495073319484,0.06789957289289919,2.3694670836016427,0.96,0.1655998029688276,0.05,0.2499790825645787,0.470983604530768,0.2790373129046532,3
D_ramp_nt40,plain,ATT,1,200,1.0,5.266030338171408,-0.0340678869745175,0.0340678869745175,0.006469367775489751,0.1248186208756868,0.92,0.0157670826120035,0.4,0.0765002249808596,0.1423103197415362,0.7811894552776042,3
D_ramp_nt30,plain,ATT,1,200,1.0,5.277284937864168,-0.0469860130526491,0.0469860130526491,0.008903444404816496,0.1343183890411559,0.9,0.0156088724146412,0.3,0.0997907306255663,0.1861159313816823,0.7140933379927514,3
D_ramp_nt10,plain,ATT,1,200,1.0,5.309855179069748,-0.1600265537244139,0.1600265537244139,0.03013764939488416,0.2287396945634554,0.815,0.0154063345937907,0.1,0.1955276342967005,0.3674233427442675,0.437049022959032,3
D_ramp_nt05,plain,ATT,1,200,1.0,5.323295742994992,-0.3077002675286874,0.3077002675286874,0.05780258741656332,0.364182406030428,0.605,0.0173053725692571,0.05,0.2499790825645787,0.470983604530768,0.2790373129046532,3
D_ramp_nt40,synthdid,ATT,1,200,1.0,5.266030338171407,-1.2444557197410495,1.2444557197410495,0.2363176130453472,1.2626838729271497,0.0,0.0168471507192248,0.4,0.0765002249808596,0.1423103197415362,0.7811894552776042,3
D_ramp_nt30,synthdid,ATT,1,200,1.0,5.277284937864168,-1.2667711013572285,1.2667711013572285,0.24004220281308483,1.284436165625242,0.0,0.0161948359541295,0.3,0.0997907306255663,0.1861159313816823,0.7140933379927514,3
D_ramp_nt25,synthdid,ATT,1,200,1.0,5.2837786697706015,-1.277731936683698,1.277731936683698,0.24182162360316498,1.2957072643942251,0.0,0.0162653865023762,0.25,0.1156694565829944,0.2161656593135918,0.6681648841034138,3
D_ramp_nt20,synthdid,ATT,1,200,1.0,5.294444791759952,-1.2885537111810723,1.2885537111810723,0.24337843945157805,1.3093642076207936,0.0,0.0165955157759361,0.2,0.1355908242163013,0.2538615667589874,0.6105476090247112,3
D_ramp_nt10,synthdid,ATT,1,200,1.0,5.309855179069749,-1.2973365532451129,1.2973365532451129,0.244326165120081,1.3271060888333963,0.005,0.0199871216478256,0.1,0.1955276342967005,0.3674233427442675,0.437049022959032,3
D_ramp_nt05,synthdid,ATT,1,200,1.0,5.323295742994993,-1.3118558166118302,1.3118558166118302,0.24643677149407325,1.3730533195739836,0.085,0.0285205891986243,0.05,0.2499790825645787,0.470983604530768,0.2790373129046532,3
D_ramp_nt40,twfe,ATT,1,200,1.0,5.266030338171408,-0.2575056091584196,0.2575056091584196,0.04889937820750129,0.3121418012991366,0.905,0.018617374804581,0.4,0.0765002249808596,0.1423103197415362,0.7811894552776042,3
D_ramp_nt30,twfe,ATT,1,200,1.0,5.277284937864168,-0.3830201412187822,0.3830201412187822,0.07257901472604561,0.4201127497632606,0.7,0.0173662765180636,0.3,0.0997907306255663,0.1861159313816823,0.7140933379927514,3
D_ramp_nt25,twfe,ATT,1,200,1.0,5.2837786697706015,-0.4660945646940926,0.4660945646940926,0.08821235593396427,0.4967773759295991,0.495,0.0166086831157279,0.25,0.1156694565829944,0.2161656593135918,0.6681648841034138,3
D_ramp_nt20,twfe,ATT,1,200,1.0,5.294444791759952,-0.5704838245609813,0.5704838245609813,0.10775139736065584,0.597659401147116,0.24,0.0160489603207168,0.2,0.1355908242163013,0.2538615667589874,0.6105476090247112,3
D_ramp_nt10,twfe,ATT,1,200,1.0,5.309855179069748,-0.8876658650012004,0.8876658650012004,0.16717327216383962,0.9060373099036928,0.015,0.0155114306778112,0.1,0.1955276342967005,0.3674233427442675,0.437049022959032,3
D_ramp_nt05,twfe,ATT,1,200,1.0,5.323295742994992,-1.1801388082739768,1.1801388082739768,0.2216932639571904,1.1922341275270207,0.0,0.0146539826167148,0.05,0.2499790825645787,0.470983604530768,0.2790373129046532,3
D_ramp_nt40,corrected,ES,4,200,1.0,5.446747943189572,-0.02975522644931918,0.11408135565666877,0.02084477460832797,4.667827556847115,0.9875,0.33241068244217675,0.4,0.0765002249808596,0.1423103197415362,0.7811894552776042,3
D_ramp_nt30,corrected,ES,4,200,1.0,5.458003067827517,0.4471715404078585,0.44717154040785856,0.0799781125746711,4.049431997614686,0.99125,0.285552088732561,0.3,0.0997907306255663,0.1861159313816823,0.7140933379927514,3
D_ramp_nt10,corrected,ES,4,200,1.0,5.4925625596543615,0.1771059854426688,0.20389123382917188,0.035275000291529884,1.8629994516679274,0.96375,0.13061775091301936,0.1,0.1955276342967005,0.3674233427442675,0.437049022959032,3
D_ramp_nt05,corrected,ES,4,200,1.0,5.505459846160689,0.4666979229599823,0.46669792295998236,0.08007091044251924,3.3099074158226434,0.95,0.23164267500565525,0.05,0.2499790825645787,0.470983604530768,0.2790373129046532,3
D_ramp_nt40,did2s,ES,4,200,1.0,5.446747943189573,-0.010103242199094451,0.010103242199094451,0.0018497332679046343,0.2364387127638354,0.995,0.025913832514740675,0.4,0.0765002249808596,0.1423103197415362,0.7811894552776042,3
D_ramp_nt30,did2s,ES,4,200,1.0,5.458003067827517,-0.0131101135507634,0.0131101135507634,0.0024134247544042187,0.23234862171598397,0.99375,0.024569401389429202,0.3,0.0997907306255663,0.1861159313816823,0.7140933379927514,3
D_ramp_nt25,did2s,ES,4,200,1.0,5.4648284389007165,-0.01223577166754215,0.01223577166754215,0.0022412764452411395,0.23104835589805856,0.9925,0.02358046185093145,0.25,0.1156694565829944,0.2161656593135918,0.6681648841034138,3
D_ramp_nt20,did2s,ES,4,200,1.0,5.476054445264613,-0.008633246075538874,0.008633246075538874,0.0015863367147073654,0.2329209712269193,0.9924999999999999,0.0229137923822548,0.2,0.1355908242163013,0.2538615667589874,0.6105476090247112,3
D_ramp_nt10,did2s,ES,4,200,1.0,5.4925625596543615,-0.006095784734753525,0.006095784734753525,0.0011061110335811664,0.263623598720456,0.99375,0.0239234493931963,0.1,0.1955276342967005,0.3674233427442675,0.437049022959032,3
D_ramp_nt05,did2s,ES,4,200,1.0,5.505459846160688,-0.0048453061177022,0.007825509881448,0.0014549581714577138,0.3464346972854904,0.9824999999999999,0.028412908587927374,0.05,0.2499790825645787,0.470983604530768,0.2790373129046532,3
D_ramp_nt40,plain,ES,4,200,1.0,5.446747943189572,-0.08345531255327207,0.12953426724835462,0.02345306948743731,0.22657257646176937,0.8525,0.021002745654700176,0.4,0.0765002249808596,0.1423103197415362,0.7811894552776042,3
D_ramp_nt30,plain,ES,4,200,1.0,5.458003067827517,-0.10060532700937592,0.14561791020769105,0.026066523075379416,0.23741826795306376,0.84375,0.0202768932179349,0.3,0.0997907306255663,0.1861159313816823,0.7140933379927514,3
D_ramp_nt10,plain,ES,4,200,1.0,5.4925625596543615,-0.24592354589111384,0.28100459358797014,0.04814025448548497,0.3614497838192708,0.73,0.019524576418393974,0.1,0.1955276342967005,0.3674233427442675,0.437049022959032,3
D_ramp_nt05,plain,ES,4,200,1.0,5.505459846160689,-0.42255980160467344,0.433749106114057,0.07263919948860781,0.5147096480395509,0.585,0.0211938051677673,0.05,0.2499790825645787,0.470983604530768,0.2790373129046532,3
D_ramp_nt40,twfe,ES,4,200,1.0,5.446747943189572,-0.07072482095983833,0.18418940346918422,0.03544320408859915,0.3118050571041146,0.9724999999999999,0.025923994025684124,0.4,0.0765002249808596,0.1423103197415362,0.7811894552776042,3
D_ramp_nt30,twfe,ES,4,200,1.0,5.458003067827517,-0.2026979880708267,0.3111620450685719,0.056413503866984384,0.39845730400769463,0.93875,0.0250160238647605,0.3,0.0997907306255663,0.1861159313816823,0.7140933379927514,3
D_ramp_nt25,twfe,ES,4,200,1.0,5.464828438900717,-0.2959221161581516,0.39663882231626235,0.07034634404286297,0.4684359503905497,0.89,0.024094659425972352,0.25,0.1156694565829944,0.2161656593135918,0.6681648841034138,3
D_ramp_nt20,twfe,ES,4,200,1.0,5.476054445264614,-0.4208778543751008,0.5073353000762375,0.08816457923067564,0.5724701354861704,0.7775000000000001,0.02422221362664745,0.2,0.1355908242163013,0.2538615667589874,0.6105476090247112,3
D_ramp_nt10,twfe,ES,4,200,1.0,5.4925625596543615,-0.864654791723189,0.8786447162823711,0.14713609207472247,0.9544121889355046,0.40499999999999997,0.026979685298625,0.1,0.1955276342967005,0.3674233427442675,0.437049022959032,3
D_ramp_nt05,twfe,ES,4,200,1.0,5.505459846160689,-1.37952589092688,1.37952589092688,0.23344997363157444,1.4330253392748422,0.23375,0.02988918792845055,0.05,0.2499790825645787,0.470983604530768,0.2790373129046532,3
D_ramp_nt40,corrected,GATT,9,200,1.0,5.337297689154345,-0.07445047650835572,0.18623475770285303,0.03584333067759136,5.683376819139141,0.9872222222222222,0.40405243136579494,0.4,0.0765002249808596,0.1423103197415362,0.7811894552776042,3
D_ramp_nt30,corrected,GATT,9,200,1.0,5.338604021154083,0.376706839431763,0.37670683943176303,0.0797880398213055,4.443978512960893,0.9844444444444443,0.31467245036026514,0.3,0.0997907306255663,0.1861159313816823,0.7140933379927514,3
D_ramp_nt10,corrected,GATT,9,200,1.0,5.33973140868316,0.13424212616831918,0.20979001554496787,0.03582291828647837,2.5189898489903664,0.9405555555555556,0.17717376400769,0.1,0.1955276342967005,0.3674233427442675,0.437049022959032,3
D_ramp_nt05,corrected,GATT,9,200,1.0,5.3409214563598475,0.38313455881405467,0.42900745634469073,0.06577551545664179,4.485159443302066,0.9411111111111112,0.3157122127002276,0.05,0.2499790825645787,0.470983604530768,0.2790373129046532,3
D_ramp_nt40,did_dr,GATT,9,199,0.995,5.336504597780212,-0.005932276139992034,0.012091026226435033,0.0026150254136273077,0.2853898731863472,0.9933026242322723,0.03150645119541576,0.4,0.0765002249808596,0.1423103197415362,0.7811894552776042,3
D_ramp_nt30,did_dr,GATT,9,199,0.995,5.33733371272612,-0.0037456122519039883,0.015015085175633611,0.0032131068868834927,0.2900832613362605,0.9916638749302066,0.03018807998449138,0.3,0.0997907306255663,0.1861159313816823,0.7140933379927514,3
D_ramp_nt25,did_dr,GATT,9,199,0.995,5.336795807637865,-0.007079096399556611,0.01695855619264432,0.0033376543297378644,0.3037836033641928,0.9877163595756561,0.030338670127226533,0.25,0.1156694565829944,0.2161656593135918,0.6681648841034138,3
D_ramp_nt20,did_dr,GATT,9,198,0.99,5.34092133224534,-0.012203350773127765,0.026064135137057947,0.005612892505164949,0.3178636497241617,0.9843042372355604,0.03064663574415867,0.2,0.1355908242163013,0.2538615667589874,0.6105476090247112,3
D_ramp_nt10,did_dr,GATT,9,192,0.96,5.337163134836309,-0.018708515294583967,0.027688042887703875,0.005527530001426755,0.3995672360153278,0.9580708285605193,0.03514227170596533,0.1,0.1955276342967005,0.3674233427442675,0.437049022959032,3
D_ramp_nt05,did_dr,GATT,9,157,0.785,5.333210623466102,-0.021695330704942513,0.03039961481241015,0.006085043517731283,0.5850936412096489,0.9146166523030629,0.0507169714500268,0.05,0.2499790825645787,0.470983604530768,0.2790373129046532,3
D_ramp_nt40,doubleml,GATT,9,199,0.995,5.336013298890414,-0.005787322904022356,0.020496688292477243,0.004213387955069154,0.429946113839844,0.9899972082635399,0.03873249707135708,0.4,0.0765002249808596,0.1423103197415362,0.7811894552776042,3
D_ramp_nt30,doubleml,GATT,9,200,1.0,5.338604021154083,-0.020136982181378722,0.024622693122877612,0.005404064962009233,0.4156012910537915,0.9894444444444443,0.0372389706807717,0.3,0.0997907306255663,0.1861159313816823,0.7140933379927514,3
D_ramp_nt25,doubleml,GATT,9,200,1.0,5.338448321599867,-0.021278775833678744,0.02578100784446695,0.006014677446131796,0.4434241257436873,0.9894444444444443,0.037812284149865684,0.25,0.1156694565829944,0.2161656593135918,0.6681648841034138,3
D_ramp_nt20,doubleml,GATT,9,200,1.0,5.3417281322464,-0.01229350150601008,0.0274317272115207,0.006325340086788232,0.474463565744198,0.9861111111111112,0.0400925066027649,0.2,0.1355908242163013,0.2538615667589874,0.6105476090247112,3
D_ramp_nt10,doubleml,GATT,9,200,1.0,5.339731408683161,0.022057981978369175,0.09024497018869136,0.02426388285747951,1.2110799628463325,0.9838888888888889,0.08919163327390843,0.1,0.1955276342967005,0.3674233427442675,0.437049022959032,3
D_ramp_nt05,doubleml,GATT,9,185,0.925,5.339346886654194,0.09085020817016698,0.16125197989486073,0.029200075200506197,2.99423339213412,0.9843843843843845,0.22206940548561613,0.05,0.2499790825645787,0.470983604530768,0.2790373129046532,3
D_ramp_nt40,plain,GATT,9,200,1.0,5.337297689154345,-0.04069550808185012,0.2612167552473849,0.046950503692435475,0.3409707335613874,0.7288888888888888,0.02566929607123802,0.4,0.0765002249808596,0.1423103197415362,0.7811894552776042,3
D_ramp_nt30,plain,GATT,9,200,1.0,5.338604021154083,-0.05177624617533225,0.2639791881366168,0.04720070869912977,0.3419966955817502,0.715,0.024260307592763545,0.3,0.0997907306255663,0.1861159313816823,0.7140933379927514,3
D_ramp_nt10,plain,GATT,9,200,1.0,5.33973140868316,-0.16313841017819058,0.30156605808981124,0.05013212124762512,0.4081883404622179,0.6655555555555556,0.022499326816119034,0.1,0.1955276342967005,0.3674233427442675,0.437049022959032,3
D_ramp_nt05,plain,GATT,9,200,1.0,5.3409214563598475,-0.3100242785071614,0.40509111391810415,0.06476782350136846,0.5092678145106083,0.6355555555555555,0.023510711926602902,0.05,0.2499790825645787,0.470983604530768,0.2790373129046532,3
D_ramp_nt40,wang,GATT,9,200,1.0,5.337297689154345,-0.004508262498579867,0.016878585674798555,0.00357506609775656,0.2913942961403911,0.98,0.031133389994506735,0.4,0.0765002249808596,0.1423103197415362,0.7811894552776042,3
D_ramp_nt30,wang,GATT,9,200,1.0,5.338604021154083,-0.0005161786895268228,0.01723902819268667,0.003458643008399098,0.29135396820998194,0.9744444444444444,0.029612405924888445,0.3,0.0997907306255663,0.1861159313816823,0.7140933379927514,3
D_ramp_nt25,wang,GATT,9,200,1.0,5.338448321599867,0.0029270201244614553,0.01618648360272848,0.003081536441653266,0.2978542215103852,0.9688888888888889,0.029187687963158855,0.25,0.1156694565829944,0.2161656593135918,0.6681648841034138,3
D_ramp_nt20,wang,GATT,9,200,1.0,5.3417281322464,0.006851771627804544,0.022315184262195323,0.004372242357999555,0.3078369760764921,0.953888888888889,0.028710268444596548,0.2,0.1355908242163013,0.2538615667589874,0.6105476090247112,3
D_ramp_nt10,wang,GATT,9,200,1.0,5.339731408683161,0.016664043314050667,0.01753518469330413,0.0033374916325704007,0.37790937422006604,0.8822222222222222,0.0307303426299068,0.1,0.1955276342967005,0.3674233427442675,0.437049022959032,3
D_ramp_nt05,wang,GATT,9,200,1.0,5.340921456359847,0.040083435587465605,0.040083435587465605,0.007342707263650932,0.5297653408770203,0.7183333333333333,0.03873519457135487,0.05,0.2499790825645787,0.470983604530768,0.2790373129046532,3
