unit_id,time,cohort,D,eventually_treated,event_time,X1,X2,X3,X4,X5,alpha,pt_slope,tau_true,CATT,Y,post,treatment_group,k_diag
0,0,inf,0,0,,1.0,0.357380410658956,0.5026828498748657,-0.2887665059953775,-0.60978520308639,-0.3244718562854392,0.0,4.768035307994217,0.0,-2.0068374844638575,0,0,0.0
0,1,inf,0,0,,1.0,0.357380410658956,0.5026828498748657,-0.2887665059953775,-0.60978520308639,-0.3244718562854392,0.0,4.768035307994217,0.0,-1.5593021597492926,0,0,0.0
0,2,inf,0,0,,1.0,0.357380410658956,0.5026828498748657,-0.2887665059953775,-0.60978520308639,-0.3244718562854392,0.0,4.768035307994217,0.0,-3.21366201997158,0,0,0.0
0,3,inf,0,0,,1.0,0.357380410658956,0.5026828498748657,-0.2887665059953775,-0.60978520308639,-0.3244718562854392,0.0,4.768035307994217,0.0,-0.7659280742947249,0,0,0.0
0,4,inf,0,0,,1.0,0.357380410658956,0.5026828498748657,-0.2887665059953775,-0.60978520308639,-0.3244718562854392,0.0,4.768035307994217,0.0,-2.9467083887071865,1,0,0.0
0,5,inf,0,0,,1.0,0.357380410658956,0.5026828498748657,-0.2887665059953775,-0.60978520308639,-0.3244718562854392,0.0,4.768035307994217,0.0,-1.2413328964227337,1,0,0.0
0,6,inf,0,0,,1.0,0.357380410658956,0.5026828498748657,-0.2887665059953775,-0.60978520308639,-0.3244718562854392,0.0,4.768035307994217,0.0,-1.0554184069279524,1,0,0.0
0,7,inf,0,0,,1.0,0.357380410658956,0.5026828498748657,-0.2887665059953775,-0.60978520308639,-0.3244718562854392,0.0,4.768035307994217,0.0,0.1144324287741787,1,0,0.0
1,0,inf,0,0,,0.0,-1.2083186322821715,0.989713033285805,0.08347535610700986,0.15537578503571847,-1.2212233497261362,0.0,2.093761025788371,0.0,-2.2050893327382752,0,0,0.0
1,1,inf,0,0,,0.0,-1.2083186322821715,0.989713033285805,0.08347535610700986,0.15537578503571847,-1.2212233497261362,0.0,2.093761025788371,0.0,-2.237254200545567,0,0,0.0
1,2,inf,0,0,,0.0,-1.2083186322821715,0.989713033285805,0.08347535610700986,0.15537578503571847,-1.2212233497261362,0.0,2.093761025788371,0.0,-1.4286894466562257,0,0,0.0
1,3,inf,0,0,,0.0,-1.2083186322821715,0.989713033285805,0.08347535610700986,0.15537578503571847,-1.2212233497261362,0.0,2.093761025788371,0.0,-1.2443137533259143,0,0,0.0
1,4,inf,0,0,,0.0,-1.2083186322821715,0.989713033285805,0.08347535610700986,0.15537578503571847,-1.2212233497261362,0.0,2.093761025788371,0.0,-0.8797717130839323,1,0,0.0
1,5,inf,0,0,,0.0,-1.2083186322821715,0.989713033285805,0.08347535610700986,0.15537578503571847,-1.2212233497261362,0.0,2.093761025788371,0.0,0.9487318908132376,1,0,0.0
1,6,inf,0,0,,0.0,-1.2083186322821715,0.989713033285805,0.08347535610700986,0.15537578503571847,-1.2212233497261362,0.0,2.093761025788371,0.0,-1.370927991259698,1,0,0.0
1,7,inf,0,0,,0.0,-1.2083186322821715,0.989713033285805,0.08347535610700986,0.15537578503571847,-1.2212233497261362,0.0,2.093761025788371,0.0,-0.03796313809424762,1,0,0.0
2,0,4.0,0,1,-4.0,0.0,-0.004454133120083229,-0.1642945926252907,-0.8496059556101431,0.20447835275925152,0.2019100019601099,0.0,2.9966594001599374,0.0,0.8939388379816543,0,1,-4.0
2,1,4.0,0,1,-3.0,0.0,-0.004454133120083229,-0.1642945926252907,-0.8496059556101431,0.20447835275925152,0.2019100019601099,0.0,2.9966594001599374,0.0,1.5423980492347544,0,1,-3.0
2,2,4.0,0,1,-2.0,0.0,-0.004454133120083229,-0.1642945926252907,-0.8496059556101431,0.20447835275925152,0.2019100019601099,0.0,2.9966594001599374,0.0,2.5200396733442902,0,1,-2.0
2,3,4.0,0,1,-1.0,0.0,-0.004454133120083229,-0.1642945926252907,-0.8496059556101431,0.20447835275925152,0.2019100019601099,0.0,2.9966594001599374,0.0,2.017609388359325,0,1,-1.0
2,4,4.0,1,1,0.0,0.0,-0.004454133120083229,-0.1642945926252907,-0.8496059556101431,0.20447835275925152,0.2019100019601099,0.0,2.9966594001599374,2.9966594001599374,3.039743530421821,1,1,0.0
2,5,4.0,1,1,1.0,0.0,-0.004454133120083229,-0.1642945926252907,-0.8496059556101431,0.20447835275925152,0.2019100019601099,0.0,2.9966594001599374,2.9966594001599374,3.6619571214700315,1,1,1.0
2,6,4.0,1,1,2.0,0.0,-0.004454133120083229,-0.1642945926252907,-0.8496059556101431,0.20447835275925152,0.2019100019601099,0.0,2.9966594001599374,2.9966594001599374,5.43488434426245,1,1,2.0
2,7,4.0,1,1,3.0,0.0,-0.004454133120083229,-0.1642945926252907,-0.8496059556101431,0.20447835275925152,0.2019100019601099,0.0,2.9966594001599374,2.9966594001599374,4.6238739682447685,1,1,3.0
3,0,4.0,0,1,-4.0,0.0,0.6564749350763358,-1.0743648582284346,-0.5106224678981267,0.924846186248762,-0.03883503855807973,0.0,3.4923562013072518,0.0,3.2386513289923853,0,1,-4.0
3,1,4.0,0,1,-3.0,0.0,0.6564749350763358,-1.0743648582284346,-0.5106224678981267,0.924846186248762,-0.03883503855807973,0.0,3.4923562013072518,0.0,2.943816257250205,0,1,-3.0
3,2,4.0,0,1,-2.0,0.0,0.6564749350763358,-1.0743648582284346,-0.5106224678981267,0.924846186248762,-0.03883503855807973,0.0,3.4923562013072518,0.0,2.8339770448786,0,1,-2.0
3,3,4.0,0,1,-1.0,0.0,0.6564749350763358,-1.0743648582284346,-0.5106224678981267,0.924846186248762,-0.03883503855807973,0.0,3.4923562013072518,0.0,1.738700822350493,0,1,-1.0
3,4,4.0,1,1,0.0,0.0,0.6564749350763358,-1.0743648582284346,-0.5106224678981267,0.924846186248762,-0.03883503855807973,0.0,3.4923562013072518,3.4923562013072518,4.232970960208421,1,1,0.0
3,5,4.0,1,1,1.0,0.0,0.6564749350763358,-1.0743648582284346,-0.5106224678981267,0.924846186248762,-0.03883503855807973,0.0,3.4923562013072518,3.4923562013072518,4.918435691999391,1,1,1.0
3,6,4.0,1,1,2.0,0.0,0.6564749350763358,-1.0743648582284346,-0.5106224678981267,0.924846186248762,-0.03883503855807973,0.0,3.4923562013072518,3.4923562013072518,5.800217717866795,1,1,2.0
3,7,4.0,1,1,3.0,0.0,0.6564749350763358,-1.0743648582284346,-0.5106224678981267,0.924846186248762,-0.03883503855807973,0.0,3.4923562013072518,3.4923562013072518,5.712389194625285,1,1,3.0
4,0,4.0,0,1,-4.0,1.0,-1.2883614637495544,0.8730421526217066,-0.011533061686586776,-0.8554694689402464,1.066324553166257,0.0,3.533728902187834,0.0,-4.227751967909692,0,1,-4.0
4,1,4.0,0,1,-3.0,1.0,-1.2883614637495544,0.8730421526217066,-0.011533061686586776,-0.8554694689402464,1.066324553166257,0.0,3.533728902187834,0.0,-1.5603643027504348,0,1,-3.0
4,2,4.0,0,1,-2.0,1.0,-1.2883614637495544,0.8730421526217066,-0.011533061686586776,-0.8554694689402464,1.066324553166257,0.0,3.533728902187834,0.0,-3.710147064921613,0,1,-2.0
4,3,4.0,0,1,-1.0,1.0,-1.2883614637495544,0.8730421526217066,-0.011533061686586776,-0.8554694689402464,1.066324553166257,0.0,3.533728902187834,0.0,-1.2774111172442462,0,1,-1.0
4,4,4.0,1,1,0.0,1.0,-1.2883614637495544,0.8730421526217066,-0.011533061686586776,-0.8554694689402464,1.066324553166257,0.0,3.533728902187834,3.533728902187834,2.0517580417255044,1,1,0.0
4,5,4.0,1,1,1.0,1.0,-1.2883614637495544,0.8730421526217066,-0.011533061686586776,-0.8554694689402464,1.066324553166257,0.0,3.533728902187834,3.533728902187834,4.031514460206795,1,1,1.0
4,6,4.0,1,1,2.0,1.0,-1.2883614637495544,0.8730421526217066,-0.011533061686586776,-0.8554694689402464,1.066324553166257,0.0,3.533728902187834,3.533728902187834,0.535886459188732,1,1,2.0
4,7,4.0,1,1,3.0,1.0,-1.2883614637495544,0.8730421526217066,-0.011533061686586776,-0.8554694689402464,1.066324553166257,0.0,3.533728902187834,3.533728902187834,4.812292584350454,1,1,3.0
5,0,inf,0,0,,1.0,0.39512206018200824,-1.2803939447145731,-1.4853751842635452,-5.4352682762992544e-05,-0.9216339244978112,0.0,4.796341545136507,0.0,2.715817013393436,0,0,0.0
5,1,inf,0,0,,1.0,0.39512206018200824,-1.2803939447145731,-1.4853751842635452,-5.4352682762992544e-05,-0.9216339244978112,0.0,4.796341545136507,0.0,0.10916105170318331,0,0,0.0
5,2,inf,0,0,,1.0,0.39512206018200824,-1.2803939447145731,-1.4853751842635452,-5.4352682762992544e-05,-0.9216339244978112,0.0,4.796341545136507,0.0,-0.9036691251529493,0,0,0.0
5,3,inf,0,0,,1.0,0.39512206018200824,-1.2803939447145731,-1.4853751842635452,-5.4352682762992544e-05,-0.9216339244978112,0.0,4.796341545136507,0.0,-0.14685173665418494,0,0,0.0
5,4,inf,0,0,,1.0,0.39512206018200824,-1.2803939447145731,-1.4853751842635452,-5.4352682762992544e-05,-0.9216339244978112,0.0,4.796341545136507,0.0,1.329538346753518,1,0,0.0
5,5,inf,0,0,,1.0,0.39512206018200824,-1.2803939447145731,-1.4853751842635452,-5.4352682762992544e-05,-0.9216339244978112,0.0,4.796341545136507,0.0,-0.7879004528261248,1,0,0.0
5,6,inf,0,0,,1.0,0.39512206018200824,-1.2803939447145731,-1.4853751842635452,-5.4352682762992544e-05,-0.9216339244978112,0.0,4.796341545136507,0.0,-2.0336403640112084,1,0,0.0
5,7,inf,0,0,,1.0,0.39512206018200824,-1.2803939447145731,-1.4853751842635452,-5.4352682762992544e-05,-0.9216339244978112,0.0,4.796341545136507,0.0,-3.9215665764153824,1,0,0.0
6,0,4.0,0,1,-4.0,1.0,0.42986369482223,-0.7130680950592722,0.3006851142946058,0.4881949585652965,0.8047169314794976,0.0,4.822397771116672,0.0,-0.7280013500316466,0,1,-4.0
6,1,4.0,0,1,-3.0,1.0,0.42986369482223,-0.7130680950592722,0.3006851142946058,0.4881949585652965,0.8047169314794976,0.0,4.822397771116672,0.0,0.3746180188984855,0,1,-3.0
6,2,4.0,0,1,-2.0,1.0,0.42986369482223,-0.7130680950592722,0.3006851142946058,0.4881949585652965,0.8047169314794976,0.0,4.822397771116672,0.0,2.0670947678302016,0,1,-2.0
6,3,4.0,0,1,-1.0,1.0,0.42986369482223,-0.7130680950592722,0.3006851142946058,0.4881949585652965,0.8047169314794976,0.0,4.822397771116672,0.0,-0.3046102282251405,0,1,-1.0
6,4,4.0,1,1,0.0,1.0,0.42986369482223,-0.7130680950592722,0.3006851142946058,0.4881949585652965,0.8047169314794976,0.0,4.822397771116672,4.822397771116672,6.155477759747212,1,1,0.0
6,5,4.0,1,1,1.0,1.0,0.42986369482223,-0.7130680950592722,0.3006851142946058,0.4881949585652965,0.8047169314794976,0.0,4.822397771116672,4.822397771116672,6.964838626901969,1,1,1.0
6,6,4.0,1,1,2.0,1.0,0.42986369482223,-0.7130680950592722,0.3006851142946058,0.4881949585652965,0.8047169314794976,0.0,4.822397771116672,4.822397771116672,6.242355863869237,1,1,2.0
6,7,4.0,1,1,3.0,1.0,0.42986369482223,-0.7130680950592722,0.3006851142946058,0.4881949585652965,0.8047169314794976,0.0,4.822397771116672,4.822397771116672,7.947661903045425,1,1,3.0
7,0,4.0,0,1,-4.0,1.0,0.6960427239628685,0.6210178535400985,-0.10607225344775092,-0.6455465190506824,0.8527484705742913,0.0,5.0220320429721514,0.0,-0.4640216384584879,0,1,-4.0
7,1,4.0,0,1,-3.0,1.0,0.6960427239628685,0.6210178535400985,-0.10607225344775092,-0.6455465190506824,0.8527484705742913,0.0,5.0220320429721514,0.0,-1.9013710858469364,0,1,-3.0
7,2,4.0,0,1,-2.0,1.0,0.6960427239628685,0.6210178535400985,-0.10607225344775092,-0.6455465190506824,0.8527484705742913,0.0,5.0220320429721514,0.0,-0.4639467271720019,0,1,-2.0
7,3,4.0,0,1,-1.0,1.0,0.6960427239628685,0.6210178535400985,-0.10607225344775092,-0.6455465190506824,0.8527484705742913,0.0,5.0220320429721514,0.0,-0.27596988027656344,0,1,-1.0
7,4,4.0,1,1,0.0,1.0,0.6960427239628685,0.6210178535400985,-0.10607225344775092,-0.6455465190506824,0.8527484705742913,0.0,5.0220320429721514,5.0220320429721514,5.644215831021636,1,1,0.0
7,5,4.0,1,1,1.0,1.0,0.6960427239628685,0.6210178535400985,-0.10607225344775092,-0.6455465190506824,0.8527484705742913,0.0,5.0220320429721514,5.0220320429721514,4.836779226927131,1,1,1.0
7,6,4.0,1,1,2.0,1.0,0.6960427239628685,0.6210178535400985,-0.10607225344775092,-0.6455465190506824,0.8527484705742913,0.0,5.0220320429721514,5.0220320429721514,5.984090751366003,1,1,2.0
7,7,4.0,1,1,3.0,1.0,0.6960427239628685,0.6210178535400985,-0.10607225344775092,-0.6455465190506824,0.8527484705742913,0.0,5.0220320429721514,5.0220320429721514,7.082432661591535,1,1,3.0
8,0,4.0,0,1,-4.0,1.0,-1.184117966757189,-2.2501411735745918,-1.1857198050052338,-0.22386653643096155,-0.6676872919350705,0.0,3.611911524932108,0.0,-1.367322386534519,0,1,-4.0
8,1,4.0,0,1,-3.0,1.0,-1.184117966757189,-2.2501411735745918,-1.1857198050052338,-0.22386653643096155,-0.6676872919350705,0.0,3.611911524932108,0.0,-1.6690098571446774,0,1,-3.0
8,2,4.0,0,1,-2.0,1.0,-1.184117966757189,-2.2501411735745918,-1.1857198050052338,-0.22386653643096155,-0.6676872919350705,0.0,3.611911524932108,0.0,-1.318214292899491,0,1,-2.0
8,3,4.0,0,1,-1.0,1.0,-1.184117966757189,-2.2501411735745918,-1.1857198050052338,-0.22386653643096155,-0.6676872919350705,0.0,3.611911524932108,0.0,-2.1597957047680323,0,1,-1.0
8,4,4.0,1,1,0.0,1.0,-1.184117966757189,-2.2501411735745918,-1.1857198050052338,-0.22386653643096155,-0.6676872919350705,0.0,3.611911524932108,3.611911524932108,1.4541188699770111,1,1,0.0
8,5,4.0,1,1,1.0,1.0,-1.184117966757189,-2.2501411735745918,-1.1857198050052338,-0.22386653643096155,-0.6676872919350705,0.0,3.611911524932108,3.611911524932108,1.4584059131721898,1,1,1.0
8,6,4.0,1,1,2.0,1.0,-1.184117966757189,-2.2501411735745918,-1.1857198050052338,-0.22386653643096155,-0.6676872919350705,0.0,3.611911524932108,3.611911524932108,0.3313960662057882,1,1,2.0
8,7,4.0,1,1,3.0,1.0,-1.184117966757189,-2.2501411735745918,-1.1857198050052338,-0.22386653643096155,-0.6676872919350705,0.0,3.611911524932108,3.611911524932108,0.22123304582254955,1,1,3.0
9,0,4.0,0,1,-4.0,1.0,-0.6617025720390349,0.38636959756630584,-2.3982328653977714,-0.8742090030900573,0.16324400572267767,0.0,4.003723070970723,0.0,1.0842174716067594,0,1,-4.0
9,1,4.0,0,1,-3.0,1.0,-0.6617025720390349,0.38636959756630584,-2.3982328653977714,-0.8742090030900573,0.16324400572267767,0.0,4.003723070970723,0.0,0.8849336908273382,0,1,-3.0
9,2,4.0,0,1,-2.0,1.0,-0.6617025720390349,0.38636959756630584,-2.3982328653977714,-0.8742090030900573,0.16324400572267767,0.0,4.003723070970723,0.0,-0.06716891869748631,0,1,-2.0
9,3,4.0,0,1,-1.0,1.0,-0.6617025720390349,0.38636959756630584,-2.3982328653977714,-0.8742090030900573,0.16324400572267767,0.0,4.003723070970723,0.0,-2.6333094389230025,0,1,-1.0
9,4,4.0,1,1,0.0,1.0,-0.6617025720390349,0.38636959756630584,-2.3982328653977714,-0.8742090030900573,0.16324400572267767,0.0,4.003723070970723,4.003723070970723,3.83663176987835,1,1,0.0
9,5,4.0,1,1,1.0,1.0,-0.6617025720390349,0.38636959756630584,-2.3982328653977714,-0.8742090030900573,0.16324400572267767,0.0,4.003723070970723,4.003723070970723,2.14662903771897,1,1,1.0
9,6,4.0,1,1,2.0,1.0,-0.6617025720390349,0.38636959756630584,-2.3982328653977714,-0.8742090030900573,0.16324400572267767,0.0,4.003723070970723,4.003723070970723,1.976203852738156,1,1,2.0
9,7,4.0,1,1,3.0,1.0,-0.6617025720390349,0.38636959756630584,-2.3982328653977714,-0.8742090030900573,0.16324400572267767,0.0,4.003723070970723,4.003723070970723,4.774685902321906,1,1,3.0
10,0,inf,0,0,,1.0,-0.43643524714322124,-0.5816408364095031,0.513052133880305,0.4517617275515535,-0.8307519568543374,0.0,4.172673564642584,0.0,-2.246719853281799,0,0,0.0
10,1,inf,0,0,,1.0,-0.43643524714322124,-0.5816408364095031,0.513052133880305,0.4517617275515535,-0.8307519568543374,0.0,4.172673564642584,0.0,-1.7633387586904732,0,0,0.0
10,2,inf,0,0,,1.0,-0.43643524714322124,-0.5816408364095031,0.513052133880305,0.4517617275515535,-0.8307519568543374,0.0,4.172673564642584,0.0,-0.7746397646973686,0,0,0.0
10,3,inf,0,0,,1.0,-0.43643524714322124,-0.5816408364095031,0.513052133880305,0.4517617275515535,-0.8307519568543374,0.0,4.172673564642584,0.0,-0.3541534785770706,0,0,0.0
10,4,inf,0,0,,1.0,-0.43643524714322124,-0.5816408364095031,0.513052133880305,0.4517617275515535,-0.8307519568543374,0.0,4.172673564642584,0.0,-2.4725202531986454,1,0,0.0
10,5,inf,0,0,,1.0,-0.43643524714322124,-0.5816408364095031,0.513052133880305,0.4517617275515535,-0.8307519568543374,0.0,4.172673564642584,0.0,-1.6223047723708155,1,0,0.0
10,6,inf,0,0,,1.0,-0.43643524714322124,-0.5816408364095031,0.513052133880305,0.4517617275515535,-0.8307519568543374,0.0,4.172673564642584,0.0,-0.8789335347941275,1,0,0.0
10,7,inf,0,0,,1.0,-0.43643524714322124,-0.5816408364095031,0.513052133880305,0.4517617275515535,-0.8307519568543374,0.0,4.172673564642584,0.0,-0.3750673368521331,1,0,0.0
11,0,4.0,0,1,-4.0,0.0,-1.169801907772864,0.10927969747781388,-0.29758403894333035,-0.8244642264810265,2.3458080738406677,0.0,2.122648569170352,0.0,0.2675138213380218,0,1,-4.0
11,1,4.0,0,1,-3.0,0.0,-1.169801907772864,0.10927969747781388,-0.29758403894333035,-0.8244642264810265,2.3458080738406677,0.0,2.122648569170352,0.0,1.0569550412351731,0,1,-3.0
11,2,4.0,0,1,-2.0,0.0,-1.169801907772864,0.10927969747781388,-0.29758403894333035,-0.8244642264810265,2.3458080738406677,0.0,2.122648569170352,0.0,-0.2775348304845442,0,1,-2.0
11,3,4.0,0,1,-1.0,0.0,-1.169801907772864,0.10927969747781388,-0.29758403894333035,-0.8244642264810265,2.3458080738406677,0.0,2.122648569170352,0.0,0.22999147177796747,0,1,-1.0
11,4,4.0,1,1,0.0,0.0,-1.169801907772864,0.10927969747781388,-0.29758403894333035,-0.8244642264810265,2.3458080738406677,0.0,2.122648569170352,2.122648569170352,2.4449064970288545,1,1,0.0
11,5,4.0,1,1,1.0,0.0,-1.169801907772864,0.10927969747781388,-0.29758403894333035,-0.8244642264810265,2.3458080738406677,0.0,2.122648569170352,2.122648569170352,3.6325824913953255,1,1,1.0
11,6,4.0,1,1,2.0,0.0,-1.169801907772864,0.10927969747781388,-0.29758403894333035,-0.8244642264810265,2.3458080738406677,0.0,2.122648569170352,2.122648569170352,3.4920582771026787,1,1,2.0
11,7,4.0,1,1,3.0,0.0,-1.169801907772864,0.10927969747781388,-0.29758403894333035,-0.8244642264810265,2.3458080738406677,0.0,2.122648569170352,2.122648569170352,4.1796566211981165,1,1,3.0
12,0,inf,0,0,,1.0,1.739367877130134,-0.07570152622082311,-0.5300084132181584,-0.20981658328406483,-0.7041395622801669,0.0,5.804525907847601,0.0,-0.6819200176256645,0,0,0.0
12,1,inf,0,0,,1.0,1.739367877130134,-0.07570152622082311,-0.5300084132181584,-0.20981658328406483,-0.7041395622801669,0.0,5.804525907847601,0.0,-1.9601478973940885,0,0,0.0
12,2,inf,0,0,,1.0,1.739367877130134,-0.07570152622082311,-0.5300084132181584,-0.20981658328406483,-0.7041395622801669,0.0,5.804525907847601,0.0,-0.880704408843229,0,0,0.0
12,3,inf,0,0,,1.0,1.739367877130134,-0.07570152622082311,-0.5300084132181584,-0.20981658328406483,-0.7041395622801669,0.0,5.804525907847601,0.0,-1.3702146646150717,0,0,0.0
12,4,inf,0,0,,1.0,1.739367877130134,-0.07570152622082311,-0.5300084132181584,-0.20981658328406483,-0.7041395622801669,0.0,5.804525907847601,0.0,-0.1839940385981093,1,0,0.0
12,5,inf,0,0,,1.0,1.739367877130134,-0.07570152622082311,-0.5300084132181584,-0.20981658328406483,-0.7041395622801669,0.0,5.804525907847601,0.0,-0.9712383331998098,1,0,0.0
12,6,inf,0,0,,1.0,1.739367877130134,-0.07570152622082311,-0.5300084132181584,-0.20981658328406483,-0.7041395622801669,0.0,5.804525907847601,0.0,-0.5683895252600395,1,0,0.0
12,7,inf,0,0,,1.0,1.739367877130134,-0.07570152622082311,-0.5300084132181584,-0.20981658328406483,-0.7041395622801669,0.0,5.804525907847601,0.0,-0.9663196986329197,1,0,0.0
13,0,4.0,0,1,-4.0,0.0,-0.4959107284421519,0.20211439504395987,-0.23615462985294203,0.7470452622414643,-0.4530744436687142,0.0,2.628066953668386,0.0,1.4503295804564853,0,1,-4.0
13,1,4.0,0,1,-3.0,0.0,-0.4959107284421519,0.20211439504395987,-0.23615462985294203,0.7470452622414643,-0.4530744436687142,0.0,2.628066953668386,0.0,-1.3948635300790702,0,1,-3.0
13,2,4.0,0,1,-2.0,0.0,-0.4959107284421519,0.20211439504395987,-0.23615462985294203,0.7470452622414643,-0.4530744436687142,0.0,2.628066953668386,0.0,0.8799273197553548,0,1,-2.0
13,3,4.0,0,1,-1.0,0.0,-0.4959107284421519,0.20211439504395987,-0.23615462985294203,0.7470452622414643,-0.4530744436687142,0.0,2.628066953668386,0.0,0.5534060187231431,0,1,-1.0
13,4,4.0,1,1,0.0,0.0,-0.4959107284421519,0.20211439504395987,-0.23615462985294203,0.7470452622414643,-0.4530744436687142,0.0,2.628066953668386,2.628066953668386,3.7345819923587933,1,1,0.0
13,5,4.0,1,1,1.0,0.0,-0.4959107284421519,0.20211439504395987,-0.23615462985294203,0.7470452622414643,-0.4530744436687142,0.0,2.628066953668386,2.628066953668386,4.713326443986142,1,1,1.0
13,6,4.0,1,1,2.0,0.0,-0.4959107284421519,0.20211439504395987,-0.23615462985294203,0.7470452622414643,-0.4530744436687142,0.0,2.628066953668386,2.628066953668386,3.7680162733644034,1,1,2.0
13,7,4.0,1,1,3.0,0.0,-0.4959107284421519,0.20211439504395987,-0.23615462985294203,0.7470452622414643,-0.4530744436687142,0.0,2.628066953668386,2.628066953668386,5.467983493350861,1,1,3.0
14,0,inf,0,0,,1.0,0.3289696294602021,0.6941719367070082,1.816475940881144,-0.05539932649997703,-1.0658380219633747,0.0,4.746727222095152,0.0,-5.28112413657515,0,0,0.0
14,1,inf,0,0,,1.0,0.3289696294602021,0.6941719367070082,1.816475940881144,-0.05539932649997703,-1.0658380219633747,0.0,4.746727222095152,0.0,-5.278486593754264,0,0,0.0
14,2,inf,0,0,,1.0,0.3289696294602021,0.6941719367070082,1.816475940881144,-0.05539932649997703,-1.0658380219633747,0.0,4.746727222095152,0.0,-4.043171760863704,0,0,0.0
14,3,inf,0,0,,1.0,0.3289696294602021,0.6941719367070082,1.816475940881144,-0.05539932649997703,-1.0658380219633747,0.0,4.746727222095152,0.0,-2.630832412250135,0,0,0.0
14,4,inf,0,0,,1.0,0.3289696294602021,0.6941719367070082,1.816475940881144,-0.05539932649997703,-1.0658380219633747,0.0,4.746727222095152,0.0,-2.2308446118326253,1,0,0.0
14,5,inf,0,0,,1.0,0.3289696294602021,0.6941719367070082,1.816475940881144,-0.05539932649997703,-1.0658380219633747,0.0,4.746727222095152,0.0,1.083014467386687,1,0,0.0
14,6,inf,0,0,,1.0,0.3289696294602021,0.6941719367070082,1.816475940881144,-0.05539932649997703,-1.0658380219633747,0.0,4.746727222095152,0.0,0.6735951943001277,1,0,0.0
14,7,inf,0,0,,1.0,0.3289696294602021,0.6941719367070082,1.816475940881144,-0.05539932649997703,-1.0658380219633747,0.0,4.746727222095152,0.0,0.3195185490356476,1,0,0.0
15,0,inf,0,0,,0.0,-0.258572545473924,-0.7583697508984092,-0.049800969059643194,0.8252438672817712,-0.3461212751731734,0.0,2.806070590894557,0.0,-2.0132261615601497,0,0,0.0
15,1,inf,0,0,,0.0,-0.258572545473924,-0.7583697508984092,-0.049800969059643194,0.8252438672817712,-0.3461212751731734,0.0,2.806070590894557,0.0,2.127651013478388,0,0,0.0
15,2,inf,0,0,,0.0,-0.258572545473924,-0.7583697508984092,-0.049800969059643194,0.8252438672817712,-0.3461212751731734,0.0,2.806070590894557,0.0,0.8746389849767177,0,0,0.0
15,3,inf,0,0,,0.0,-0.258572545473924,-0.7583697508984092,-0.049800969059643194,0.8252438672817712,-0.3461212751731734,0.0,2.806070590894557,0.0,2.5430665254062013,0,0,0.0
15,4,inf,0,0,,0.0,-0.258572545473924,-0.7583697508984092,-0.049800969059643194,0.8252438672817712,-0.3461212751731734,0.0,2.806070590894557,0.0,0.3963474588612136,1,0,0.0
15,5,inf,0,0,,0.0,-0.258572545473924,-0.7583697508984092,-0.049800969059643194,0.8252438672817712,-0.3461212751731734,0.0,2.806070590894557,0.0,-0.5968625007980459,1,0,0.0
15,6,inf,0,0,,0.0,-0.258572545473924,-0.7583697508984092,-0.049800969059643194,0.8252438672817712,-0.3461212751731734,0.0,2.806070590894557,0.0,0.16974884842507643,1,0,0.0
15,7,inf,0,0,,0.0,-0.258572545473924,-0.7583697508984092,-0.049800969059643194,0.8252438672817712,-0.3461212751731734,0.0,2.806070590894557,0.0,0.6922228863833715,1,0,0.0
16,0,4.0,0,1,-4.0,1.0,1.5834728788021222,1.4209820223119163,0.08661926298854213,0.5318342354777448,-0.005876026696904225,0.0,5.687604659101591,0.0,-1.089992806541399,0,1,-4.0
16,1,4.0,0,1,-3.0,1.0,1.5834728788021222,1.4209820223119163,0.08661926298854213,0.5318342354777448,-0.005876026696904225,0.0,5.687604659101591,0.0,1.2607687109006869,0,1,-3.0
16,2,4.0,0,1,-2.0,1.0,1.5834728788021222,1.4209820223119163,0.08661926298854213,0.5318342354777448,-0.005876026696904225,0.0,5.687604659101591,0.0,2.0131883197954132,0,1,-2.0
16,3,4.0,0,1,-1.0,1.0,1.5834728788021222,1.4209820223119163,0.08661926298854213,0.5318342354777448,-0.005876026696904225,0.0,5.687604659101591,0.0,1.07200864315241,0,1,-1.0
16,4,4.0,1,1,0.0,1.0,1.5834728788021222,1.4209820223119163,0.08661926298854213,0.5318342354777448,-0.005876026696904225,0.0,5.687604659101591,5.687604659101591,7.189788690101194,1,1,0.0
16,5,4.0,1,1,1.0,1.0,1.5834728788021222,1.4209820223119163,0.08661926298854213,0.5318342354777448,-0.005876026696904225,0.0,5.687604659101591,5.687604659101591,7.218592704229344,1,1,1.0
16,6,4.0,1,1,2.0,1.0,1.5834728788021222,1.4209820223119163,0.08661926298854213,0.5318342354777448,-0.005876026696904225,0.0,5.687604659101591,5.687604659101591,8.14395889678587,1,1,2.0
16,7,4.0,1,1,3.0,1.0,1.5834728788021222,1.4209820223119163,0.08661926298854213,0.5318342354777448,-0.005876026696904225,0.0,5.687604659101591,5.687604659101591,11.13298685375685,1,1,3.0
17,0,4.0,0,1,-4.0,1.0,1.3203609870818391,0.726093788947765,-1.487072869675398,0.8306479202235317,0.7677891353446865,0.0,5.490270740311379,0.0,3.4269960444810468,0,1,-4.0
17,1,4.0,0,1,-3.0,1.0,1.3203609870818391,0.726093788947765,-1.487072869675398,0.8306479202235317,0.7677891353446865,0.0,5.490270740311379,0.0,3.6185974313977485,0,1,-3.0
17,2,4.0,0,1,-2.0,1.0,1.3203609870818391,0.726093788947765,-1.487072869675398,0.8306479202235317,0.7677891353446865,0.0,5.490270740311379,0.0,2.362014061007173,0,1,-2.0
17,3,4.0,0,1,-1.0,1.0,1.3203609870818391,0.726093788947765,-1.487072869675398,0.8306479202235317,0.7677891353446865,0.0,5.490270740311379,0.0,3.8455165248113046,0,1,-1.0
17,4,4.0,1,1,0.0,1.0,1.3203609870818391,0.726093788947765,-1.487072869675398,0.8306479202235317,0.7677891353446865,0.0,5.490270740311379,5.490270740311379,8.132457046426406,1,1,0.0
17,5,4.0,1,1,1.0,1.0,1.3203609870818391,0.726093788947765,-1.487072869675398,0.8306479202235317,0.7677891353446865,0.0,5.490270740311379,5.490270740311379,10.070076154313977,1,1,1.0
17,6,4.0,1,1,2.0,1.0,1.3203609870818391,0.726093788947765,-1.487072869675398,0.8306479202235317,0.7677891353446865,0.0,5.490270740311379,5.490270740311379,6.96193606157578,1,1,2.0
17,7,4.0,1,1,3.0,1.0,1.3203609870818391,0.726093788947765,-1.487072869675398,0.8306479202235317,0.7677891353446865,0.0,5.490270740311379,5.490270740311379,8.731680512237602,1,1,3.0
18,0,inf,0,0,,0.0,0.6333526228249152,0.843732662303268,1.6473390663560998,-0.7451939819021873,-0.6104866460656994,0.0,3.4750144671186867,0.0,-5.139034824362005,0,0,0.0
18,1,inf,0,0,,0.0,0.6333526228249152,0.843732662303268,1.6473390663560998,-0.7451939819021873,-0.6104866460656994,0.0,3.4750144671186867,0.0,-4.77403187309704,0,0,0.0
18,2,inf,0,0,,0.0,0.6333526228249152,0.843732662303268,1.6473390663560998,-0.7451939819021873,-0.6104866460656994,0.0,3.4750144671186867,0.0,-1.3184941172472775,0,0,0.0
18,3,inf,0,0,,0.0,0.6333526228249152,0.843732662303268,1.6473390663560998,-0.7451939819021873,-0.6104866460656994,0.0,3.4750144671186867,0.0,-1.1448725529299952,0,0,0.0
18,4,inf,0,0,,0.0,0.6333526228249152,0.843732662303268,1.6473390663560998,-0.7451939819021873,-0.6104866460656994,0.0,3.4750144671186867,0.0,-4.213580048132876,1,0,0.0
18,5,inf,0,0,,0.0,0.6333526228249152,0.843732662303268,1.6473390663560998,-0.7451939819021873,-0.6104866460656994,0.0,3.4750144671186867,0.0,-1.2101203062116563,1,0,0.0
18,6,inf,0,0,,0.0,0.6333526228249152,0.843732662303268,1.6473390663560998,-0.7451939819021873,-0.6104866460656994,0.0,3.4750144671186867,0.0,0.20263272328764104,1,0,0.0
18,7,inf,0,0,,0.0,0.6333526228249152,0.843732662303268,1.6473390663560998,-0.7451939819021873,-0.6104866460656994,0.0,3.4750144671186867,0.0,0.3972289839994092,1,0,0.0
19,0,inf,0,0,,0.0,-2.2035098806466507,1.1648639811110282,0.9174879834442943,-0.8528741893387359,-0.1857739586715857,0.0,1.3473675895150121,0.0,-4.328047957516934,0,0,0.0
19,1,inf,0,0,,0.0,-2.2035098806466507,1.1648639811110282,0.9174879834442943,-0.8528741893387359,-0.1857739586715857,0.0,1.3473675895150121,0.0,-4.586435191377528,0,0,0.0
19,2,inf,0,0,,0.0,-2.2035098806466507,1.1648639811110282,0.9174879834442943,-0.8528741893387359,-0.1857739586715857,0.0,1.3473675895150121,0.0,-1.9340519134036283,0,0,0.0
19,3,inf,0,0,,0.0,-2.2035098806466507,1.1648639811110282,0.9174879834442943,-0.8528741893387359,-0.1857739586715857,0.0,1.3473675895150121,0.0,-2.6376095004857625,0,0,0.0
19,4,inf,0,0,,0.0,-2.2035098806466507,1.1648639811110282,0.9174879834442943,-0.8528741893387359,-0.1857739586715857,0.0,1.3473675895150121,0.0,-3.723432214439084,1,0,0.0
19,5,inf,0,0,,0.0,-2.2035098806466507,1.1648639811110282,0.9174879834442943,-0.8528741893387359,-0.1857739586715857,0.0,1.3473675895150121,0.0,-0.7255976639148658,1,0,0.0
19,6,inf,0,0,,0.0,-2.2035098806466507,1.1648639811110282,0.9174879834442943,-0.8528741893387359,-0.1857739586715857,0.0,1.3473675895150121,0.0,-0.41618679483449394,1,0,0.0
19,7,inf,0,0,,0.0,-2.2035098806466507,1.1648639811110282,0.9174879834442943,-0.8528741893387359,-0.1857739586715857,0.0,1.3473675895150121,0.0,-0.7994949529814489,1,0,0.0
20,0,4.0,0,1,-4.0,0.0,0.05202897425988651,0.7875882217058694,1.066934867005179,-0.8593474928615639,-1.416489366414042,0.0,3.0390217306949148,0.0,-4.202782808420112,0,1,-4.0
20,1,4.0,0,1,-3.0,0.0,0.05202897425988651,0.7875882217058694,1.066934867005179,-0.8593474928615639,-1.416489366414042,0.0,3.0390217306949148,0.0,-4.923078814628152,0,1,-3.0
20,2,4.0,0,1,-2.0,0.0,0.05202897425988651,0.7875882217058694,1.066934867005179,-0.8593474928615639,-1.416489366414042,0.0,3.0390217306949148,0.0,-5.745966303228168,0,1,-2.0
20,3,4.0,0,1,-1.0,0.0,0.05202897425988651,0.7875882217058694,1.066934867005179,-0.8593474928615639,-1.416489366414042,0.0,3.0390217306949148,0.0,-2.3711712382797048,0,1,-1.0
20,4,4.0,1,1,0.0,0.0,0.05202897425988651,0.7875882217058694,1.066934867005179,-0.8593474928615639,-1.416489366414042,0.0,3.0390217306949148,3.0390217306949148,0.6677307434362199,1,1,0.0
20,5,4.0,1,1,1.0,0.0,0.05202897425988651,0.7875882217058694,1.066934867005179,-0.8593474928615639,-1.416489366414042,0.0,3.0390217306949148,3.0390217306949148,-0.22519499900576578,1,1,1.0
20,6,4.0,1,1,2.0,0.0,0.05202897425988651,0.7875882217058694,1.066934867005179,-0.8593474928615639,-1.416489366414042,0.0,3.0390217306949148,3.0390217306949148,1.9261475762890887,1,1,2.0
20,7,4.0,1,1,3.0,0.0,0.05202897425988651,0.7875882217058694,1.066934867005179,-0.8593474928615639,-1.416489366414042,0.0,3.0390217306949148,3.0390217306949148,1.2147813000213845,1,1,3.0
21,0,4.0,0,1,-4.0,0.0,0.6836861907765345,0.844078680578592,0.0476727312116796,0.7377085886946386,-0.8274022267661552,0.0,3.512764643082401,0.0,-0.28946937249182747,0,1,-4.0
21,1,4.0,0,1,-3.0,0.0,0.6836861907765345,0.844078680578592,0.0476727312116796,0.7377085886946386,-0.8274022267661552,0.0,3.512764643082401,0.0,-0.09582181057055492,0,1,-3.0
21,2,4.0,0,1,-2.0,0.0,0.6836861907765345,0.844078680578592,0.0476727312116796,0.7377085886946386,-0.8274022267661552,0.0,3.512764643082401,0.0,0.49897796852851894,0,1,-2.0
21,3,4.0,0,1,-1.0,0.0,0.6836861907765345,0.844078680578592,0.0476727312116796,0.7377085886946386,-0.8274022267661552,0.0,3.512764643082401,0.0,0.5543398728073654,0,1,-1.0
21,4,4.0,1,1,0.0,0.0,0.6836861907765345,0.844078680578592,0.0476727312116796,0.7377085886946386,-0.8274022267661552,0.0,3.512764643082401,3.512764643082401,6.491541428629129,1,1,0.0
21,5,4.0,1,1,1.0,0.0,0.6836861907765345,0.844078680578592,0.0476727312116796,0.7377085886946386,-0.8274022267661552,0.0,3.512764643082401,3.512764643082401,5.656656748882252,1,1,1.0
21,6,4.0,1,1,2.0,0.0,0.6836861907765345,0.844078680578592,0.0476727312116796,0.7377085886946386,-0.8274022267661552,0.0,3.512764643082401,3.512764643082401,6.63383415665229,1,1,2.0
21,7,4.0,1,1,3.0,0.0,0.6836861907765345,0.844078680578592,0.0476727312116796,0.7377085886946386,-0.8274022267661552,0.0,3.512764643082401,3.512764643082401,6.638283167838269,1,1,3.0
22,0,4.0,0,1,-4.0,1.0,1.0039615758421696,0.07559361074288512,0.9166547888245957,0.2681399586948865,2.755807558275951,0.0,5.252971181881627,0.0,-0.22865315337809733,0,1,-4.0
22,1,4.0,0,1,-3.0,1.0,1.0039615758421696,0.07559361074288512,0.9166547888245957,0.2681399586948865,2.755807558275951,0.0,5.252971181881627,0.0,-0.836384699834789,0,1,-3.0
22,2,4.0,0,1,-2.0,1.0,1.0039615758421696,0.07559361074288512,0.9166547888245957,0.2681399586948865,2.755807558275951,0.0,5.252971181881627,0.0,2.4210696036029504,0,1,-2.0
22,3,4.0,0,1,-1.0,1.0,1.0039615758421696,0.07559361074288512,0.9166547888245957,0.2681399586948865,2.755807558275951,0.0,5.252971181881627,0.0,3.2581202569076773,0,1,-1.0
22,4,4.0,1,1,0.0,1.0,1.0039615758421696,0.07559361074288512,0.9166547888245957,0.2681399586948865,2.755807558275951,0.0,5.252971181881627,5.252971181881627,9.962315180115443,1,1,0.0
22,5,4.0,1,1,1.0,1.0,1.0039615758421696,0.07559361074288512,0.9166547888245957,0.2681399586948865,2.755807558275951,0.0,5.252971181881627,5.252971181881627,8.406871587445337,1,1,1.0
22,6,4.0,1,1,2.0,1.0,1.0039615758421696,0.07559361074288512,0.9166547888245957,0.2681399586948865,2.755807558275951,0.0,5.252971181881627,5.252971181881627,9.406827546508172,1,1,2.0
22,7,4.0,1,1,3.0,1.0,1.0039615758421696,0.07559361074288512,0.9166547888245957,0.2681399586948865,2.755807558275951,0.0,5.252971181881627,5.252971181881627,10.11322330195377,1,1,3.0
23,0,4.0,0,1,-4.0,1.0,-0.6179070447076008,-1.4267738509897323,0.37094683509441023,-0.00685661240229396,1.0412431916947957,0.0,4.036569716469299,0.0,1.0852689168948957,0,1,-4.0
23,1,4.0,0,1,-3.0,1.0,-0.6179070447076008,-1.4267738509897323,0.37094683509441023,-0.00685661240229396,1.0412431916947957,0.0,4.036569716469299,0.0,-1.1845998439201608,0,1,-3.0
23,2,4.0,0,1,-2.0,1.0,-0.6179070447076008,-1.4267738509897323,0.37094683509441023,-0.00685661240229396,1.0412431916947957,0.0,4.036569716469299,0.0,-1.1153218103113556,0,1,-2.0
23,3,4.0,0,1,-1.0,1.0,-0.6179070447076008,-1.4267738509897323,0.37094683509441023,-0.00685661240229396,1.0412431916947957,0.0,4.036569716469299,0.0,-0.4402039877215821,0,1,-1.0
23,4,4.0,1,1,0.0,1.0,-0.6179070447076008,-1.4267738509897323,0.37094683509441023,-0.00685661240229396,1.0412431916947957,0.0,4.036569716469299,4.036569716469299,3.723316207659155,1,1,0.0
23,5,4.0,1,1,1.0,1.0,-0.6179070447076008,-1.4267738509897323,0.37094683509441023,-0.00685661240229396,1.0412431916947957,0.0,4.036569716469299,4.036569716469299,3.739157921996826,1,1,1.0
23,6,4.0,1,1,2.0,1.0,-0.6179070447076008,-1.4267738509897323,0.37094683509441023,-0.00685661240229396,1.0412431916947957,0.0,4.036569716469299,4.036569716469299,3.9135253252299336,1,1,2.0
23,7,4.0,1,1,3.0,1.0,-0.6179070447076008,-1.4267738509897323,0.37094683509441023,-0.00685661240229396,1.0412431916947957,0.0,4.036569716469299,4.036569716469299,3.8976051971682835,1,1,3.0
24,0,4.0,0,1,-4.0,1.0,1.8220113633283233,-0.13504510003701392,0.6131890778590062,-0.6729131676070395,-0.7814240416773149,0.0,5.866508522496242,0.0,-1.9782318127972078,0,1,-4.0
24,1,4.0,0,1,-3.0,1.0,1.8220113633283233,-0.13504510003701392,0.6131890778590062,-0.6729131676070395,-0.7814240416773149,0.0,5.866508522496242,0.0,-2.951556929732062,0,1,-3.0
24,2,4.0,0,1,-2.0,1.0,1.8220113633283233,-0.13504510003701392,0.6131890778590062,-0.6729131676070395,-0.7814240416773149,0.0,5.866508522496242,0.0,-3.2026912988803566,0,1,-2.0
24,3,4.0,0,1,-1.0,1.0,1.8220113633283233,-0.13504510003701392,0.6131890778590062,-0.6729131676070395,-0.7814240416773149,0.0,5.866508522496242,0.0,-1.087362298852249,0,1,-1.0
24,4,4.0,1,1,0.0,1.0,1.8220113633283233,-0.13504510003701392,0.6131890778590062,-0.6729131676070395,-0.7814240416773149,0.0,5.866508522496242,5.866508522496242,4.897955868453147,1,1,0.0
24,5,4.0,1,1,1.0,1.0,1.8220113633283233,-0.13504510003701392,0.6131890778590062,-0.6729131676070395,-0.7814240416773149,0.0,5.866508522496242,5.866508522496242,4.635525522918575,1,1,1.0
24,6,4.0,1,1,2.0,1.0,1.8220113633283233,-0.13504510003701392,0.6131890778590062,-0.6729131676070395,-0.7814240416773149,0.0,5.866508522496242,5.866508522496242,5.078193829705424,1,1,2.0
24,7,4.0,1,1,3.0,1.0,1.8220113633283233,-0.13504510003701392,0.6131890778590062,-0.6729131676070395,-0.7814240416773149,0.0,5.866508522496242,5.866508522496242,2.543505760126674,1,1,3.0
25,0,4.0,0,1,-4.0,0.0,-1.3204309700132935,-0.7695146401767057,-0.1521929584082903,0.34746687545454735,-1.3373972415282913,0.0,2.00967677249003,0.0,-1.5887553189646462,0,1,-4.0
25,1,4.0,0,1,-3.0,0.0,-1.3204309700132935,-0.7695146401767057,-0.1521929584082903,0.34746687545454735,-1.3373972415282913,0.0,2.00967677249003,0.0,0.23004007202259502,0,1,-3.0
25,2,4.0,0,1,-2.0,0.0,-1.3204309700132935,-0.7695146401767057,-0.1521929584082903,0.34746687545454735,-1.3373972415282913,0.0,2.00967677249003,0.0,-1.5206269476159215,0,1,-2.0
25,3,4.0,0,1,-1.0,0.0,-1.3204309700132935,-0.7695146401767057,-0.1521929584082903,0.34746687545454735,-1.3373972415282913,0.0,2.00967677249003,0.0,-2.283594355965392,0,1,-1.0
25,4,4.0,1,1,0.0,0.0,-1.3204309700132935,-0.7695146401767057,-0.1521929584082903,0.34746687545454735,-1.3373972415282913,0.0,2.00967677249003,2.00967677249003,1.6407963661356257,1,1,0.0
25,5,4.0,1,1,1.0,0.0,-1.3204309700132935,-0.7695146401767057,-0.1521929584082903,0.34746687545454735,-1.3373972415282913,0.0,2.00967677249003,2.00967677249003,-0.48401144032293075,1,1,1.0
25,6,4.0,1,1,2.0,0.0,-1.3204309700132935,-0.7695146401767057,-0.1521929584082903,0.34746687545454735,-1.3373972415282913,0.0,2.00967677249003,2.00967677249003,0.47186295728787253,1,1,2.0
25,7,4.0,1,1,3.0,0.0,-1.3204309700132935,-0.7695146401767057,-0.1521929584082903,0.34746687545454735,-1.3373972415282913,0.0,2.00967677249003,2.00967677249003,1.750344859572358,1,1,3.0
26,0,inf,0,0,,1.0,-0.6615280218152191,-1.4227417685154136,-1.473887948041959,-0.36396522430840395,-0.9755828305996581,0.0,4.003853983638586,0.0,1.5242293828426114,0,0,0.0
26,1,inf,0,0,,1.0,-0.6615280218152191,-1.4227417685154136,-1.473887948041959,-0.36396522430840395,-0.9755828305996581,0.0,4.003853983638586,0.0,-0.837644693871747,0,0,0.0
26,2,inf,0,0,,1.0,-0.6615280218152191,-1.4227417685154136,-1.473887948041959,-0.36396522430840395,-0.9755828305996581,0.0,4.003853983638586,0.0,-0.6735383903452914,0,0,0.0
26,3,inf,0,0,,1.0,-0.6615280218152191,-1.4227417685154136,-1.473887948041959,-0.36396522430840395,-0.9755828305996581,0.0,4.003853983638586,0.0,-2.606602955152937,0,0,0.0
26,4,inf,0,0,,1.0,-0.6615280218152191,-1.4227417685154136,-1.473887948041959,-0.36396522430840395,-0.9755828305996581,0.0,4.003853983638586,0.0,-2.9336331102316175,1,0,0.0
26,5,inf,0,0,,1.0,-0.6615280218152191,-1.4227417685154136,-1.473887948041959,-0.36396522430840395,-0.9755828305996581,0.0,4.003853983638586,0.0,-3.729840136176187,1,0,0.0
26,6,inf,0,0,,1.0,-0.6615280218152191,-1.4227417685154136,-1.473887948041959,-0.36396522430840395,-0.9755828305996581,0.0,4.003853983638586,0.0,-1.881703512673841,1,0,0.0
26,7,inf,0,0,,1.0,-0.6615280218152191,-1.4227417685154136,-1.473887948041959,-0.36396522430840395,-0.9755828305996581,0.0,4.003853983638586,0.0,-3.8345984495466876,1,0,0.0
27,0,4.0,0,1,-4.0,1.0,0.9350499881140221,0.25845279091298756,1.028854347803183,0.42175972653188976,-0.02169085951373511,0.0,5.201287491085517,0.0,-1.8606108653926186,0,1,-4.0
27,1,4.0,0,1,-3.0,1.0,0.9350499881140221,0.25845279091298756,1.028854347803183,0.42175972653188976,-0.02169085951373511,0.0,5.201287491085517,0.0,0.3605839572553897,0,1,-3.0
27,2,4.0,0,1,-2.0,1.0,0.9350499881140221,0.25845279091298756,1.028854347803183,0.42175972653188976,-0.02169085951373511,0.0,5.201287491085517,0.0,-1.0802070916619764,0,1,-2.0
27,3,4.0,0,1,-1.0,1.0,0.9350499881140221,0.25845279091298756,1.028854347803183,0.42175972653188976,-0.02169085951373511,0.0,5.201287491085517,0.0,1.1712893962830362,0,1,-1.0
27,4,4.0,1,1,0.0,1.0,0.9350499881140221,0.25845279091298756,1.028854347803183,0.42175972653188976,-0.02169085951373511,0.0,5.201287491085517,5.201287491085517,3.8773365604951024,1,1,0.0
27,5,4.0,1,1,1.0,1.0,0.9350499881140221,0.25845279091298756,1.028854347803183,0.42175972653188976,-0.02169085951373511,0.0,5.201287491085517,5.201287491085517,7.445951474143666,1,1,1.0
27,6,4.0,1,1,2.0,1.0,0.9350499881140221,0.25845279091298756,1.028854347803183,0.42175972653188976,-0.02169085951373511,0.0,5.201287491085517,5.201287491085517,6.169566478526622,1,1,2.0
27,7,4.0,1,1,3.0,1.0,0.9350499881140221,0.25845279091298756,1.028854347803183,0.42175972653188976,-0.02169085951373511,0.0,5.201287491085517,5.201287491085517,5.773246207944009,1,1,3.0
28,0,inf,0,0,,1.0,0.049054613825311656,-0.5685494541476426,-1.934959636609707,-0.07928934226535045,0.034727788359190326,0.0,4.536790960368983,0.0,0.32913681344228074,0,0,0.0
28,1,inf,0,0,,1.0,0.049054613825311656,-0.5685494541476426,-1.934959636609707,-0.07928934226535045,0.034727788359190326,0.0,4.536790960368983,0.0,0.7444004443666967,0,0,0.0
28,2,inf,0,0,,1.0,0.049054613825311656,-0.5685494541476426,-1.934959636609707,-0.07928934226535045,0.034727788359190326,0.0,4.536790960368983,0.0,2.636651984011746,0,0,0.0
28,3,inf,0,0,,1.0,0.049054613825311656,-0.5685494541476426,-1.934959636609707,-0.07928934226535045,0.034727788359190326,0.0,4.536790960368983,0.0,0.28572501908774695,0,0,0.0
28,4,inf,0,0,,1.0,0.049054613825311656,-0.5685494541476426,-1.934959636609707,-0.07928934226535045,0.034727788359190326,0.0,4.536790960368983,0.0,0.18454713027741604,1,0,0.0
28,5,inf,0,0,,1.0,0.049054613825311656,-0.5685494541476426,-1.934959636609707,-0.07928934226535045,0.034727788359190326,0.0,4.536790960368983,0.0,0.11872434176904478,1,0,0.0
28,6,inf,0,0,,1.0,0.049054613825311656,-0.5685494541476426,-1.934959636609707,-0.07928934226535045,0.034727788359190326,0.0,4.536790960368983,0.0,-1.9649904757016166,1,0,0.0
28,7,inf,0,0,,1.0,0.049054613825311656,-0.5685494541476426,-1.934959636609707,-0.07928934226535045,0.034727788359190326,0.0,4.536790960368983,0.0,-0.2275067722299624,1,0,0.0
29,0,inf,0,0,,1.0,2.002392583645255,-1.0298044380114637,-0.23993667125803605,0.01493972108905428,-0.7443606009308561,0.0,6.001794437733942,0.0,-0.2953263532577577,0,0,0.0
29,1,inf,0,0,,1.0,2.002392583645255,-1.0298044380114637,-0.23993667125803605,0.01493972108905428,-0.7443606009308561,0.0,6.001794437733942,0.0,-0.4631564424023875,0,0,0.0
29,2,inf,0,0,,1.0,2.002392583645255,-1.0298044380114637,-0.23993667125803605,0.01493972108905428,-0.7443606009308561,0.0,6.001794437733942,0.0,0.008491199536125149,0,0,0.0
29,3,inf,0,0,,1.0,2.002392583645255,-1.0298044380114637,-0.23993667125803605,0.01493972108905428,-0.7443606009308561,0.0,6.001794437733942,0.0,-0.7114583911547037,0,0,0.0
29,4,inf,0,0,,1.0,2.002392583645255,-1.0298044380114637,-0.23993667125803605,0.01493972108905428,-0.7443606009308561,0.0,6.001794437733942,0.0,-2.1857136833385997,1,0,0.0
29,5,inf,0,0,,1.0,2.002392583645255,-1.0298044380114637,-0.23993667125803605,0.01493972108905428,-0.7443606009308561,0.0,6.001794437733942,0.0,-0.38818129479326163,1,0,0.0
29,6,inf,0,0,,1.0,2.002392583645255,-1.0298044380114637,-0.23993667125803605,0.01493972108905428,-0.7443606009308561,0.0,6.001794437733942,0.0,0.2842410442247346,1,0,0.0
29,7,inf,0,0,,1.0,2.002392583645255,-1.0298044380114637,-0.23993667125803605,0.01493972108905428,-0.7443606009308561,0.0,6.001794437733942,0.0,-0.07370809066768069,1,0,0.0
30,0,inf,0,0,,1.0,0.18851919251246557,-1.0430010800715654,-0.20452248839966083,0.5793314649197407,-1.2865744667376442,0.0,4.641389394384349,0.0,0.4656952568352344,0,0,0.0
30,1,inf,0,0,,1.0,0.18851919251246557,-1.0430010800715654,-0.20452248839966083,0.5793314649197407,-1.2865744667376442,0.0,4.641389394384349,0.0,-4.577965438215523,0,0,0.0
30,2,inf,0,0,,1.0,0.18851919251246557,-1.0430010800715654,-0.20452248839966083,0.5793314649197407,-1.2865744667376442,0.0,4.641389394384349,0.0,-0.8475242417351556,0,0,0.0
30,3,inf,0,0,,1.0,0.18851919251246557,-1.0430010800715654,-0.20452248839966083,0.5793314649197407,-1.2865744667376442,0.0,4.641389394384349,0.0,-0.7337817877922408,0,0,0.0
30,4,inf,0,0,,1.0,0.18851919251246557,-1.0430010800715654,-0.20452248839966083,0.5793314649197407,-1.2865744667376442,0.0,4.641389394384349,0.0,-1.197689069587955,1,0,0.0
30,5,inf,0,0,,1.0,0.18851919251246557,-1.0430010800715654,-0.20452248839966083,0.5793314649197407,-1.2865744667376442,0.0,4.641389394384349,0.0,-0.9882394287373292,1,0,0.0
30,6,inf,0,0,,1.0,0.18851919251246557,-1.0430010800715654,-0.20452248839966083,0.5793314649197407,-1.2865744667376442,0.0,4.641389394384349,0.0,0.8401328243370578,1,0,0.0
30,7,inf,0,0,,1.0,0.18851919251246557,-1.0430010800715654,-0.20452248839966083,0.5793314649197407,-1.2865744667376442,0.0,4.641389394384349,0.0,-2.1200489073864084,1,0,0.0
31,0,4.0,0,1,-4.0,0.0,-0.6331940901922267,0.26841707970891465,-1.0428601409845046,-0.8145090489532385,1.4223785052484463,0.0,2.52510443235583,0.0,-0.5762786270806134,0,1,-4.0
31,1,4.0,0,1,-3.0,0.0,-0.6331940901922267,0.26841707970891465,-1.0428601409845046,-0.8145090489532385,1.4223785052484463,0.0,2.52510443235583,0.0,0.8630109659743663,0,1,-3.0
31,2,4.0,0,1,-2.0,0.0,-0.6331940901922267,0.26841707970891465,-1.0428601409845046,-0.8145090489532385,1.4223785052484463,0.0,2.52510443235583,0.0,1.8874461232042503,0,1,-2.0
31,3,4.0,0,1,-1.0,0.0,-0.6331940901922267,0.26841707970891465,-1.0428601409845046,-0.8145090489532385,1.4223785052484463,0.0,2.52510443235583,0.0,-0.21280520797462388,0,1,-1.0
31,4,4.0,1,1,0.0,0.0,-0.6331940901922267,0.26841707970891465,-1.0428601409845046,-0.8145090489532385,1.4223785052484463,0.0,2.52510443235583,2.52510443235583,3.6484195798288805,1,1,0.0
31,5,4.0,1,1,1.0,0.0,-0.6331940901922267,0.26841707970891465,-1.0428601409845046,-0.8145090489532385,1.4223785052484463,0.0,2.52510443235583,2.52510443235583,3.435350803051074,1,1,1.0
31,6,4.0,1,1,2.0,0.0,-0.6331940901922267,0.26841707970891465,-1.0428601409845046,-0.8145090489532385,1.4223785052484463,0.0,2.52510443235583,2.52510443235583,2.157162996359771,1,1,2.0
31,7,4.0,1,1,3.0,0.0,-0.6331940901922267,0.26841707970891465,-1.0428601409845046,-0.8145090489532385,1.4223785052484463,0.0,2.52510443235583,2.52510443235583,5.6282556057884126,1,1,3.0
32,0,inf,0,0,,0.0,-0.37756350523280824,0.35867194917034445,0.6131231363365798,0.15751700664700508,0.4516854512950959,0.0,2.716827371075394,0.0,1.0212633365640236,0,0,0.0
32,1,inf,0,0,,0.0,-0.37756350523280824,0.35867194917034445,0.6131231363365798,0.15751700664700508,0.4516854512950959,0.0,2.716827371075394,0.0,0.02273268042036969,0,0,0.0
32,2,inf,0,0,,0.0,-0.37756350523280824,0.35867194917034445,0.6131231363365798,0.15751700664700508,0.4516854512950959,0.0,2.716827371075394,0.0,0.5075169744018493,0,0,0.0
32,3,inf,0,0,,0.0,-0.37756350523280824,0.35867194917034445,0.6131231363365798,0.15751700664700508,0.4516854512950959,0.0,2.716827371075394,0.0,1.6187759081325184,0,0,0.0
32,4,inf,0,0,,0.0,-0.37756350523280824,0.35867194917034445,0.6131231363365798,0.15751700664700508,0.4516854512950959,0.0,2.716827371075394,0.0,-0.7276361882375836,1,0,0.0
32,5,inf,0,0,,0.0,-0.37756350523280824,0.35867194917034445,0.6131231363365798,0.15751700664700508,0.4516854512950959,0.0,2.716827371075394,0.0,-0.057904679282566596,1,0,0.0
32,6,inf,0,0,,0.0,-0.37756350523280824,0.35867194917034445,0.6131231363365798,0.15751700664700508,0.4516854512950959,0.0,2.716827371075394,0.0,1.4019996907904844,1,0,0.0
32,7,inf,0,0,,0.0,-0.37756350523280824,0.35867194917034445,0.6131231363365798,0.15751700664700508,0.4516854512950959,0.0,2.716827371075394,0.0,0.6996030312681514,1,0,0.0
33,0,inf,0,0,,1.0,-1.0911461176191954,1.3224574697668332,-0.20032970140956835,-0.6055301054082629,-0.3745680195679353,0.0,3.6816404117856036,0.0,-4.55742160573544,0,0,0.0
33,1,inf,0,0,,1.0,-1.0911461176191954,1.3224574697668332,-0.20032970140956835,-0.6055301054082629,-0.3745680195679353,0.0,3.6816404117856036,0.0,-1.4558784977960684,0,0,0.0
33,2,inf,0,0,,1.0,-1.0911461176191954,1.3224574697668332,-0.20032970140956835,-0.6055301054082629,-0.3745680195679353,0.0,3.6816404117856036,0.0,-2.409092967859926,0,0,0.0
33,3,inf,0,0,,1.0,-1.0911461176191954,1.3224574697668332,-0.20032970140956835,-0.6055301054082629,-0.3745680195679353,0.0,3.6816404117856036,0.0,-3.586284571415463,0,0,0.0
33,4,inf,0,0,,1.0,-1.0911461176191954,1.3224574697668332,-0.20032970140956835,-0.6055301054082629,-0.3745680195679353,0.0,3.6816404117856036,0.0,-1.863568711999979,1,0,0.0
33,5,inf,0,0,,1.0,-1.0911461176191954,1.3224574697668332,-0.20032970140956835,-0.6055301054082629,-0.3745680195679353,0.0,3.6816404117856036,0.0,-2.453633604019074,1,0,0.0
33,6,inf,0,0,,1.0,-1.0911461176191954,1.3224574697668332,-0.20032970140956835,-0.6055301054082629,-0.3745680195679353,0.0,3.6816404117856036,0.0,-1.6987904590337592,1,0,0.0
33,7,inf,0,0,,1.0,-1.0911461176191954,1.3224574697668332,-0.20032970140956835,-0.6055301054082629,-0.3745680195679353,0.0,3.6816404117856036,0.0,-2.305093328892246,1,0,0.0
34,0,inf,0,0,,1.0,-1.277680166386608,-0.013914668524093734,-0.4368683255972816,0.6162735036271363,-0.22066120781608659,0.0,3.5417398752100437,0.0,0.5290994494392083,0,0,0.0
34,1,inf,0,0,,1.0,-1.277680166386608,-0.013914668524093734,-0.4368683255972816,0.6162735036271363,-0.22066120781608659,0.0,3.5417398752100437,0.0,-0.8068075043914419,0,0,0.0
34,2,inf,0,0,,1.0,-1.277680166386608,-0.013914668524093734,-0.4368683255972816,0.6162735036271363,-0.22066120781608659,0.0,3.5417398752100437,0.0,-0.5459101430247182,0,0,0.0
34,3,inf,0,0,,1.0,-1.277680166386608,-0.013914668524093734,-0.4368683255972816,0.6162735036271363,-0.22066120781608659,0.0,3.5417398752100437,0.0,-0.2600912252721786,0,0,0.0
34,4,inf,0,0,,1.0,-1.277680166386608,-0.013914668524093734,-0.4368683255972816,0.6162735036271363,-0.22066120781608659,0.0,3.5417398752100437,0.0,1.235801421740711,1,0,0.0
34,5,inf,0,0,,1.0,-1.277680166386608,-0.013914668524093734,-0.4368683255972816,0.6162735036271363,-0.22066120781608659,0.0,3.5417398752100437,0.0,1.4055680869814982,1,0,0.0
34,6,inf,0,0,,1.0,-1.277680166386608,-0.013914668524093734,-0.4368683255972816,0.6162735036271363,-0.22066120781608659,0.0,3.5417398752100437,0.0,-0.17424687700903196,1,0,0.0
34,7,inf,0,0,,1.0,-1.277680166386608,-0.013914668524093734,-0.4368683255972816,0.6162735036271363,-0.22066120781608659,0.0,3.5417398752100437,0.0,-0.8425585198364125,1,0,0.0
35,0,inf,0,0,,0.0,0.6304114907682319,1.0418397592128221,0.5198417309776412,-0.02230792774148016,-0.5295304591256691,0.0,3.472808618076174,0.0,-1.406730739350385,0,0,0.0
35,1,inf,0,0,,0.0,0.6304114907682319,1.0418397592128221,0.5198417309776412,-0.02230792774148016,-0.5295304591256691,0.0,3.472808618076174,0.0,-1.3246654716183504,0,0,0.0
35,2,inf,0,0,,0.0,0.6304114907682319,1.0418397592128221,0.5198417309776412,-0.02230792774148016,-0.5295304591256691,0.0,3.472808618076174,0.0,0.927539471815518,0,0,0.0
35,3,inf,0,0,,0.0,0.6304114907682319,1.0418397592128221,0.5198417309776412,-0.02230792774148016,-0.5295304591256691,0.0,3.472808618076174,0.0,-0.007119870636704051,0,0,0.0
35,4,inf,0,0,,0.0,0.6304114907682319,1.0418397592128221,0.5198417309776412,-0.02230792774148016,-0.5295304591256691,0.0,3.472808618076174,0.0,0.5398133034200625,1,0,0.0
35,5,inf,0,0,,0.0,0.6304114907682319,1.0418397592128221,0.5198417309776412,-0.02230792774148016,-0.5295304591256691,0.0,3.472808618076174,0.0,0.8619495369844273,1,0,0.0
35,6,inf,0,0,,0.0,0.6304114907682319,1.0418397592128221,0.5198417309776412,-0.02230792774148016,-0.5295304591256691,0.0,3.472808618076174,0.0,1.2891407726550874,1,0,0.0
35,7,inf,0,0,,0.0,0.6304114907682319,1.0418397592128221,0.5198417309776412,-0.02230792774148016,-0.5295304591256691,0.0,3.472808618076174,0.0,3.196221129503658,1,0,0.0
36,0,inf,0,0,,0.0,0.5811658124128057,1.4022648267725224,-0.47657904055841377,0.9773906667356393,-2.9360454460171126,0.0,3.4358743593096044,0.0,-1.6217960599297057,0,0,0.0
36,1,inf,0,0,,0.0,0.5811658124128057,1.4022648267725224,-0.47657904055841377,0.9773906667356393,-2.9360454460171126,0.0,3.4358743593096044,0.0,-1.7729233366374622,0,0,0.0
36,2,inf,0,0,,0.0,0.5811658124128057,1.4022648267725224,-0.47657904055841377,0.9773906667356393,-2.9360454460171126,0.0,3.4358743593096044,0.0,0.14476982625411106,0,0,0.0
36,3,inf,0,0,,0.0,0.5811658124128057,1.4022648267725224,-0.47657904055841377,0.9773906667356393,-2.9360454460171126,0.0,3.4358743593096044,0.0,-0.3711552141219344,0,0,0.0
36,4,inf,0,0,,0.0,0.5811658124128057,1.4022648267725224,-0.47657904055841377,0.9773906667356393,-2.9360454460171126,0.0,3.4358743593096044,0.0,0.6559571741248101,1,0,0.0
36,5,inf,0,0,,0.0,0.5811658124128057,1.4022648267725224,-0.47657904055841377,0.9773906667356393,-2.9360454460171126,0.0,3.4358743593096044,0.0,1.3842799654596685,1,0,0.0
36,6,inf,0,0,,0.0,0.5811658124128057,1.4022648267725224,-0.47657904055841377,0.9773906667356393,-2.9360454460171126,0.0,3.4358743593096044,0.0,-0.307485742545031,1,0,0.0
36,7,inf,0,0,,0.0,0.5811658124128057,1.4022648267725224,-0.47657904055841377,0.9773906667356393,-2.9360454460171126,0.0,3.4358743593096044,0.0,1.158809602963125,1,0,0.0
37,0,inf,0,0,,1.0,1.294558819441117,1.1501656361496921,1.3889799748383085,-0.6341133506485626,0.1156618270926259,0.0,5.470919114580838,0.0,-2.928686601001118,0,0,0.0
37,1,inf,0,0,,1.0,1.294558819441117,1.1501656361496921,1.3889799748383085,-0.6341133506485626,0.1156618270926259,0.0,5.470919114580838,0.0,-4.447376082777137,0,0,0.0
37,2,inf,0,0,,1.0,1.294558819441117,1.1501656361496921,1.3889799748383085,-0.6341133506485626,0.1156618270926259,0.0,5.470919114580838,0.0,-2.7364297919395493,0,0,0.0
37,3,inf,0,0,,1.0,1.294558819441117,1.1501656361496921,1.3889799748383085,-0.6341133506485626,0.1156618270926259,0.0,5.470919114580838,0.0,-2.597205439500699,0,0,0.0
37,4,inf,0,0,,1.0,1.294558819441117,1.1501656361496921,1.3889799748383085,-0.6341133506485626,0.1156618270926259,0.0,5.470919114580838,0.0,-0.15007691845405358,1,0,0.0
37,5,inf,0,0,,1.0,1.294558819441117,1.1501656361496921,1.3889799748383085,-0.6341133506485626,0.1156618270926259,0.0,5.470919114580838,0.0,-0.924380777330053,1,0,0.0
37,6,inf,0,0,,1.0,1.294558819441117,1.1501656361496921,1.3889799748383085,-0.6341133506485626,0.1156618270926259,0.0,5.470919114580838,0.0,0.14173012018595238,1,0,0.0
37,7,inf,0,0,,1.0,1.294558819441117,1.1501656361496921,1.3889799748383085,-0.6341133506485626,0.1156618270926259,0.0,5.470919114580838,0.0,0.7854276654670673,1,0,0.0
38,0,inf,0,0,,1.0,-0.7546057912599311,-2.3653039062769743,0.35145507618731386,0.9260382802485345,-1.070544409695766,0.0,3.9340456565550515,0.0,-1.805016835651585,0,0,0.0
38,1,inf,0,0,,1.0,-0.7546057912599311,-2.3653039062769743,0.35145507618731386,0.9260382802485345,-1.070544409695766,0.0,3.9340456565550515,0.0,-1.251269904273908,0,0,0.0
38,2,inf,0,0,,1.0,-0.7546057912599311,-2.3653039062769743,0.35145507618731386,0.9260382802485345,-1.070544409695766,0.0,3.9340456565550515,0.0,-2.3483049789732124,0,0,0.0
38,3,inf,0,0,,1.0,-0.7546057912599311,-2.3653039062769743,0.35145507618731386,0.9260382802485345,-1.070544409695766,0.0,3.9340456565550515,0.0,-1.8724389157965886,0,0,0.0
38,4,inf,0,0,,1.0,-0.7546057912599311,-2.3653039062769743,0.35145507618731386,0.9260382802485345,-1.070544409695766,0.0,3.9340456565550515,0.0,0.4959694623335529,1,0,0.0
38,5,inf,0,0,,1.0,-0.7546057912599311,-2.3653039062769743,0.35145507618731386,0.9260382802485345,-1.070544409695766,0.0,3.9340456565550515,0.0,-0.09321212019188119,1,0,0.0
38,6,inf,0,0,,1.0,-0.7546057912599311,-2.3653039062769743,0.35145507618731386,0.9260382802485345,-1.070544409695766,0.0,3.9340456565550515,0.0,-3.1688487776871326,1,0,0.0
38,7,inf,0,0,,1.0,-0.7546057912599311,-2.3653039062769743,0.35145507618731386,0.9260382802485345,-1.070544409695766,0.0,3.9340456565550515,0.0,-1.997983003191632,1,0,0.0
39,0,inf,0,0,,0.0,1.689107452443673,1.228683719203421,-0.47433298683443925,0.601834073217218,-1.0026842990328195,0.0,4.266830589332755,0.0,1.7850335691962593,0,0,0.0
39,1,inf,0,0,,0.0,1.689107452443673,1.228683719203421,-0.47433298683443925,0.601834073217218,-1.0026842990328195,0.0,4.266830589332755,0.0,0.44609003620226256,0,0,0.0
39,2,inf,0,0,,0.0,1.689107452443673,1.228683719203421,-0.47433298683443925,0.601834073217218,-1.0026842990328195,0.0,4.266830589332755,0.0,1.5276668800749518,0,0,0.0
39,3,inf,0,0,,0.0,1.689107452443673,1.228683719203421,-0.47433298683443925,0.601834073217218,-1.0026842990328195,0.0,4.266830589332755,0.0,1.9437365421588337,0,0,0.0
39,4,inf,0,0,,0.0,1.689107452443673,1.228683719203421,-0.47433298683443925,0.601834073217218,-1.0026842990328195,0.0,4.266830589332755,0.0,2.0333919760861767,1,0,0.0
39,5,inf,0,0,,0.0,1.689107452443673,1.228683719203421,-0.47433298683443925,0.601834073217218,-1.0026842990328195,0.0,4.266830589332755,0.0,2.5908740777074883,1,0,0.0
39,6,inf,0,0,,0.0,1.689107452443673,1.228683719203421,-0.47433298683443925,0.601834073217218,-1.0026842990328195,0.0,4.266830589332755,0.0,2.0409948124714714,1,0,0.0
39,7,inf,0,0,,0.0,1.689107452443673,1.228683719203421,-0.47433298683443925,0.601834073217218,-1.0026842990328195,0.0,4.266830589332755,0.0,2.3762353205216247,1,0,0.0
40,0,inf,0,0,,1.0,-0.2873877078086663,0.33962000824864264,-1.9442649759855442,-0.037479006849462815,-0.6402624053903738,0.0,4.284459219143501,0.0,0.19263196406290461,0,0,0.0
40,1,inf,0,0,,1.0,-0.2873877078086663,0.33962000824864264,-1.9442649759855442,-0.037479006849462815,-0.6402624053903738,0.0,4.284459219143501,0.0,1.4762195362002597,0,0,0.0
40,2,inf,0,0,,1.0,-0.2873877078086663,0.33962000824864264,-1.9442649759855442,-0.037479006849462815,-0.6402624053903738,0.0,4.284459219143501,0.0,-1.1584930700738436,0,0,0.0
40,3,inf,0,0,,1.0,-0.2873877078086663,0.33962000824864264,-1.9442649759855442,-0.037479006849462815,-0.6402624053903738,0.0,4.284459219143501,0.0,-1.1807679136416545,0,0,0.0
40,4,inf,0,0,,1.0,-0.2873877078086663,0.33962000824864264,-1.9442649759855442,-0.037479006849462815,-0.6402624053903738,0.0,4.284459219143501,0.0,0.9436789124554714,1,0,0.0
40,5,inf,0,0,,1.0,-0.2873877078086663,0.33962000824864264,-1.9442649759855442,-0.037479006849462815,-0.6402624053903738,0.0,4.284459219143501,0.0,0.059889384769732656,1,0,0.0
40,6,inf,0,0,,1.0,-0.2873877078086663,0.33962000824864264,-1.9442649759855442,-0.037479006849462815,-0.6402624053903738,0.0,4.284459219143501,0.0,-1.7429605739695402,1,0,0.0
40,7,inf,0,0,,1.0,-0.2873877078086663,0.33962000824864264,-1.9442649759855442,-0.037479006849462815,-0.6402624053903738,0.0,4.284459219143501,0.0,-1.3826888188128232,1,0,0.0
41,0,4.0,0,1,-4.0,0.0,1.5744082788445868,0.42377135285334727,-1.3077531969011476,0.627068128359271,0.7323017147112972,0.0,4.18080620913344,0.0,3.0939867148615834,0,1,-4.0
41,1,4.0,0,1,-3.0,0.0,1.5744082788445868,0.42377135285334727,-1.3077531969011476,0.627068128359271,0.7323017147112972,0.0,4.18080620913344,0.0,3.6547953795433026,0,1,-3.0
41,2,4.0,0,1,-2.0,0.0,1.5744082788445868,0.42377135285334727,-1.3077531969011476,0.627068128359271,0.7323017147112972,0.0,4.18080620913344,0.0,1.9527996374564318,0,1,-2.0
41,3,4.0,0,1,-1.0,0.0,1.5744082788445868,0.42377135285334727,-1.3077531969011476,0.627068128359271,0.7323017147112972,0.0,4.18080620913344,0.0,4.33115010717462,0,1,-1.0
41,4,4.0,1,1,0.0,0.0,1.5744082788445868,0.42377135285334727,-1.3077531969011476,0.627068128359271,0.7323017147112972,0.0,4.18080620913344,4.18080620913344,7.817706206500424,1,1,0.0
41,5,4.0,1,1,1.0,0.0,1.5744082788445868,0.42377135285334727,-1.3077531969011476,0.627068128359271,0.7323017147112972,0.0,4.18080620913344,4.18080620913344,8.446766572798456,1,1,1.0
41,6,4.0,1,1,2.0,0.0,1.5744082788445868,0.42377135285334727,-1.3077531969011476,0.627068128359271,0.7323017147112972,0.0,4.18080620913344,4.18080620913344,6.855138347867359,1,1,2.0
41,7,4.0,1,1,3.0,0.0,1.5744082788445868,0.42377135285334727,-1.3077531969011476,0.627068128359271,0.7323017147112972,0.0,4.18080620913344,4.18080620913344,7.289145365766892,1,1,3.0
42,0,inf,0,0,,1.0,-0.4327858471825968,0.37122741773625884,1.0868307847683634,0.20569781048223268,-1.170530808407683,0.0,4.175410614613052,0.0,-3.115987354157883,0,0,0.0
42,1,inf,0,0,,1.0,-0.4327858471825968,0.37122741773625884,1.0868307847683634,0.20569781048223268,-1.170530808407683,0.0,4.175410614613052,0.0,-4.1479389260301955,0,0,0.0
42,2,inf,0,0,,1.0,-0.4327858471825968,0.37122741773625884,1.0868307847683634,0.20569781048223268,-1.170530808407683,0.0,4.175410614613052,0.0,-3.12877833599444,0,0,0.0
42,3,inf,0,0,,1.0,-0.4327858471825968,0.37122741773625884,1.0868307847683634,0.20569781048223268,-1.170530808407683,0.0,4.175410614613052,0.0,-3.8660079083363232,0,0,0.0
42,4,inf,0,0,,1.0,-0.4327858471825968,0.37122741773625884,1.0868307847683634,0.20569781048223268,-1.170530808407683,0.0,4.175410614613052,0.0,-2.380261074288871,1,0,0.0
42,5,inf,0,0,,1.0,-0.4327858471825968,0.37122741773625884,1.0868307847683634,0.20569781048223268,-1.170530808407683,0.0,4.175410614613052,0.0,-2.1233342123918724,1,0,0.0
42,6,inf,0,0,,1.0,-0.4327858471825968,0.37122741773625884,1.0868307847683634,0.20569781048223268,-1.170530808407683,0.0,4.175410614613052,0.0,-2.538468367842297,1,0,0.0
42,7,inf,0,0,,1.0,-0.4327858471825968,0.37122741773625884,1.0868307847683634,0.20569781048223268,-1.170530808407683,0.0,4.175410614613052,0.0,0.3971651221189688,1,0,0.0
43,0,inf,0,0,,0.0,-0.735483292342275,0.3827571602707609,-0.050604063111342405,0.3102421279827605,-1.434281459674122,0.0,2.4483875307432936,0.0,-0.8092815599676824,0,0,0.0
43,1,inf,0,0,,0.0,-0.735483292342275,0.3827571602707609,-0.050604063111342405,0.3102421279827605,-1.434281459674122,0.0,2.4483875307432936,0.0,-1.4559266126109967,0,0,0.0
43,2,inf,0,0,,0.0,-0.735483292342275,0.3827571602707609,-0.050604063111342405,0.3102421279827605,-1.434281459674122,0.0,2.4483875307432936,0.0,-1.0449572055479108,0,0,0.0
43,3,inf,0,0,,0.0,-0.735483292342275,0.3827571602707609,-0.050604063111342405,0.3102421279827605,-1.434281459674122,0.0,2.4483875307432936,0.0,-1.610035272141021,0,0,0.0
43,4,inf,0,0,,0.0,-0.735483292342275,0.3827571602707609,-0.050604063111342405,0.3102421279827605,-1.434281459674122,0.0,2.4483875307432936,0.0,-0.46885507309257546,1,0,0.0
43,5,inf,0,0,,0.0,-0.735483292342275,0.3827571602707609,-0.050604063111342405,0.3102421279827605,-1.434281459674122,0.0,2.4483875307432936,0.0,-2.3780207733960044,1,0,0.0
43,6,inf,0,0,,0.0,-0.735483292342275,0.3827571602707609,-0.050604063111342405,0.3102421279827605,-1.434281459674122,0.0,2.4483875307432936,0.0,0.9784308114508864,1,0,0.0
43,7,inf,0,0,,0.0,-0.735483292342275,0.3827571602707609,-0.050604063111342405,0.3102421279827605,-1.434281459674122,0.0,2.4483875307432936,0.0,1.0509082411041064,1,0,0.0
44,0,4.0,0,1,-4.0,0.0,0.24978537155866684,0.3194142202523809,-0.2831250656795347,0.8273815254147778,0.6398520751723783,0.0,3.187339028669,0.0,2.732182412579133,0,1,-4.0
44,1,4.0,0,1,-3.0,0.0,0.24978537155866684,0.3194142202523809,-0.2831250656795347,0.8273815254147778,0.6398520751723783,0.0,3.187339028669,0.0,2.3889342875125847,0,1,-3.0
44,2,4.0,0,1,-2.0,0.0,0.24978537155866684,0.3194142202523809,-0.2831250656795347,0.8273815254147778,0.6398520751723783,0.0,3.187339028669,0.0,3.6628201156327487,0,1,-2.0
44,3,4.0,0,1,-1.0,0.0,0.24978537155866684,0.3194142202523809,-0.2831250656795347,0.8273815254147778,0.6398520751723783,0.0,3.187339028669,0.0,2.625620854316364,0,1,-1.0
44,4,4.0,1,1,0.0,0.0,0.24978537155866684,0.3194142202523809,-0.2831250656795347,0.8273815254147778,0.6398520751723783,0.0,3.187339028669,3.187339028669,5.379816962620981,1,1,0.0
44,5,4.0,1,1,1.0,0.0,0.24978537155866684,0.3194142202523809,-0.2831250656795347,0.8273815254147778,0.6398520751723783,0.0,3.187339028669,3.187339028669,5.119803093524583,1,1,1.0
44,6,4.0,1,1,2.0,0.0,0.24978537155866684,0.3194142202523809,-0.2831250656795347,0.8273815254147778,0.6398520751723783,0.0,3.187339028669,3.187339028669,6.91264079534627,1,1,2.0
44,7,4.0,1,1,3.0,0.0,0.24978537155866684,0.3194142202523809,-0.2831250656795347,0.8273815254147778,0.6398520751723783,0.0,3.187339028669,3.187339028669,5.557465098620976,1,1,3.0
45,0,inf,0,0,,1.0,1.0314530848694723,-0.35891330853862047,1.643251614242697,-0.8694591671774172,0.7543689046395509,0.0,5.273589813652104,0.0,-1.5021976770462733,0,0,0.0
45,1,inf,0,0,,1.0,1.0314530848694723,-0.35891330853862047,1.643251614242697,-0.8694591671774172,0.7543689046395509,0.0,5.273589813652104,0.0,-3.7097453262246565,0,0,0.0
45,2,inf,0,0,,1.0,1.0314530848694723,-0.35891330853862047,1.643251614242697,-0.8694591671774172,0.7543689046395509,0.0,5.273589813652104,0.0,-2.2828732171228827,0,0,0.0
45,3,inf,0,0,,1.0,1.0314530848694723,-0.35891330853862047,1.643251614242697,-0.8694591671774172,0.7543689046395509,0.0,5.273589813652104,0.0,-3.3492887580111836,0,0,0.0
45,4,inf,0,0,,1.0,1.0314530848694723,-0.35891330853862047,1.643251614242697,-0.8694591671774172,0.7543689046395509,0.0,5.273589813652104,0.0,-2.202077802491569,1,0,0.0
45,5,inf,0,0,,1.0,1.0314530848694723,-0.35891330853862047,1.643251614242697,-0.8694591671774172,0.7543689046395509,0.0,5.273589813652104,0.0,0.46976249850292184,1,0,0.0
45,6,inf,0,0,,1.0,1.0314530848694723,-0.35891330853862047,1.643251614242697,-0.8694591671774172,0.7543689046395509,0.0,5.273589813652104,0.0,-2.6100361744983696,1,0,0.0
45,7,inf,0,0,,1.0,1.0314530848694723,-0.35891330853862047,1.643251614242697,-0.8694591671774172,0.7543689046395509,0.0,5.273589813652104,0.0,0.01484406853808018,1,0,0.0
46,0,4.0,0,1,-4.0,0.0,0.16100957671534466,-1.9016352983759945,-1.2826492440738984,0.6699764079168011,-0.958933707794222,0.0,3.1207571825365084,0.0,3.526516357347856,0,1,-4.0
46,1,4.0,0,1,-3.0,0.0,0.16100957671534466,-1.9016352983759945,-1.2826492440738984,0.6699764079168011,-0.958933707794222,0.0,3.1207571825365084,0.0,3.1122557952555465,0,1,-3.0
46,2,4.0,0,1,-2.0,0.0,0.16100957671534466,-1.9016352983759945,-1.2826492440738984,0.6699764079168011,-0.958933707794222,0.0,3.1207571825365084,0.0,2.2982735831248977,0,1,-2.0
46,3,4.0,0,1,-1.0,0.0,0.16100957671534466,-1.9016352983759945,-1.2826492440738984,0.6699764079168011,-0.958933707794222,0.0,3.1207571825365084,0.0,1.6674968068089338,0,1,-1.0
46,4,4.0,1,1,0.0,0.0,0.16100957671534466,-1.9016352983759945,-1.2826492440738984,0.6699764079168011,-0.958933707794222,0.0,3.1207571825365084,3.1207571825365084,3.0517343827047982,1,1,0.0
46,5,4.0,1,1,1.0,0.0,0.16100957671534466,-1.9016352983759945,-1.2826492440738984,0.6699764079168011,-0.958933707794222,0.0,3.1207571825365084,3.1207571825365084,4.483390870795725,1,1,1.0
46,6,4.0,1,1,2.0,0.0,0.16100957671534466,-1.9016352983759945,-1.2826492440738984,0.6699764079168011,-0.958933707794222,0.0,3.1207571825365084,3.1207571825365084,2.1091111937555582,1,1,2.0
46,7,4.0,1,1,3.0,0.0,0.16100957671534466,-1.9016352983759945,-1.2826492440738984,0.6699764079168011,-0.958933707794222,0.0,3.1207571825365084,3.1207571825365084,3.017377916380714,1,1,3.0
47,0,4.0,0,1,-4.0,1.0,-0.5855288241233366,-0.10891472790742324,-0.5856577998413593,-0.2363704400675224,0.5623976772929592,0.0,4.0608533819074975,0.0,0.6934856092776353,0,1,-4.0
47,1,4.0,0,1,-3.0,1.0,-0.5855288241233366,-0.10891472790742324,-0.5856577998413593,-0.2363704400675224,0.5623976772929592,0.0,4.0608533819074975,0.0,-2.4246922541110583,0,1,-3.0
47,2,4.0,0,1,-2.0,1.0,-0.5855288241233366,-0.10891472790742324,-0.5856577998413593,-0.2363704400675224,0.5623976772929592,0.0,4.0608533819074975,0.0,-1.708548408349201,0,1,-2.0
47,3,4.0,0,1,-1.0,1.0,-0.5855288241233366,-0.10891472790742324,-0.5856577998413593,-0.2363704400675224,0.5623976772929592,0.0,4.0608533819074975,0.0,-0.44752685642718665,0,1,-1.0
47,4,4.0,1,1,0.0,1.0,-0.5855288241233366,-0.10891472790742324,-0.5856577998413593,-0.2363704400675224,0.5623976772929592,0.0,4.0608533819074975,4.0608533819074975,1.3901188032650085,1,1,0.0
47,5,4.0,1,1,1.0,1.0,-0.5855288241233366,-0.10891472790742324,-0.5856577998413593,-0.2363704400675224,0.5623976772929592,0.0,4.0608533819074975,4.0608533819074975,3.3922992908285674,1,1,1.0
47,6,4.0,1,1,2.0,1.0,-0.5855288241233366,-0.10891472790742324,-0.5856577998413593,-0.2363704400675224,0.5623976772929592,0.0,4.0608533819074975,4.0608533819074975,3.122459718911826,1,1,2.0
47,7,4.0,1,1,3.0,1.0,-0.5855288241233366,-0.10891472790742324,-0.5856577998413593,-0.2363704400675224,0.5623976772929592,0.0,4.0608533819074975,4.0608533819074975,2.764824029317146,1,1,3.0
48,0,4.0,0,1,-4.0,0.0,-1.341219714076669,-0.8037318485206766,-0.47258767675848407,-0.34890876779859115,-0.2916324304147521,0.0,1.994085214442498,0.0,-1.613912102620698,0,1,-4.0
48,1,4.0,0,1,-3.0,0.0,-1.341219714076669,-0.8037318485206766,-0.47258767675848407,-0.34890876779859115,-0.2916324304147521,0.0,1.994085214442498,0.0,-1.359030009804977,0,1,-3.0
48,2,4.0,0,1,-2.0,0.0,-1.341219714076669,-0.8037318485206766,-0.47258767675848407,-0.34890876779859115,-0.2916324304147521,0.0,1.994085214442498,0.0,-1.2394547754673548,0,1,-2.0
48,3,4.0,0,1,-1.0,0.0,-1.341219714076669,-0.8037318485206766,-0.47258767675848407,-0.34890876779859115,-0.2916324304147521,0.0,1.994085214442498,0.0,-2.3244334958671473,0,1,-1.0
48,4,4.0,1,1,0.0,0.0,-1.341219714076669,-0.8037318485206766,-0.47258767675848407,-0.34890876779859115,-0.2916324304147521,0.0,1.994085214442498,1.994085214442498,0.7397876615476824,1,1,0.0
48,5,4.0,1,1,1.0,0.0,-1.341219714076669,-0.8037318485206766,-0.47258767675848407,-0.34890876779859115,-0.2916324304147521,0.0,1.994085214442498,1.994085214442498,0.26117464057313344,1,1,1.0
48,6,4.0,1,1,2.0,0.0,-1.341219714076669,-0.8037318485206766,-0.47258767675848407,-0.34890876779859115,-0.2916324304147521,0.0,1.994085214442498,1.994085214442498,-0.1995303768371257,1,1,2.0
48,7,4.0,1,1,3.0,0.0,-1.341219714076669,-0.8037318485206766,-0.47258767675848407,-0.34890876779859115,-0.2916324304147521,0.0,1.994085214442498,1.994085214442498,-0.08259005696353183,1,1,3.0
49,0,inf,0,0,,1.0,-1.401520214917428,1.0801634125378852,0.5863372815313004,0.9880535424199686,0.3012921765535601,0.0,3.448859838811929,0.0,-1.0667679497468139,0,0,0.0
49,1,inf,0,0,,1.0,-1.401520214917428,1.0801634125378852,0.5863372815313004,0.9880535424199686,0.3012921765535601,0.0,3.448859838811929,0.0,0.04632245899507237,0,0,0.0
49,2,inf,0,0,,1.0,-1.401520214917428,1.0801634125378852,0.5863372815313004,0.9880535424199686,0.3012921765535601,0.0,3.448859838811929,0.0,0.06001583284500239,0,0,0.0
49,3,inf,0,0,,1.0,-1.401520214917428,1.0801634125378852,0.5863372815313004,0.9880535424199686,0.3012921765535601,0.0,3.448859838811929,0.0,-1.0285355960352276,0,0,0.0
49,4,inf,0,0,,1.0,-1.401520214917428,1.0801634125378852,0.5863372815313004,0.9880535424199686,0.3012921765535601,0.0,3.448859838811929,0.0,-0.21893460470562998,1,0,0.0
49,5,inf,0,0,,1.0,-1.401520214917428,1.0801634125378852,0.5863372815313004,0.9880535424199686,0.3012921765535601,0.0,3.448859838811929,0.0,2.636054751300361,1,0,0.0
49,6,inf,0,0,,1.0,-1.401520214917428,1.0801634125378852,0.5863372815313004,0.9880535424199686,0.3012921765535601,0.0,3.448859838811929,0.0,0.7071134816826954,1,0,0.0
49,7,inf,0,0,,1.0,-1.401520214917428,1.0801634125378852,0.5863372815313004,0.9880535424199686,0.3012921765535601,0.0,3.448859838811929,0.0,1.6704809521030577,1,0,0.0
