"dgp","setting","linearity_degree","N","rep","estimand_type","estimand_id","g","t","k","method","post_mean","sd","q025","q05","q95","q975","p_bayes","surf_rmse","surf_mae","surf_n","surf_mape","surf_cover95","surf_len95","surf_cover90","surf_len90","true"
"canonical","B2_sweep",2,800,0,"GATT","g=4_t=4",4,4,0,"wang",3.87576499745609,0.0761020604792727,3.72660769859089,3.75058821886852,4.00094177604366,4.02492229632129,0,,,,,,,,,3.78026273143589
"canonical","B2_sweep",2,800,0,"GATT","g=4_t=5",4,5,1,"wang",3.72710477559247,0.0737109187652212,3.58263402840572,3.60586107601782,3.84834847516712,3.87157552277923,0,,,,,,,,,3.78026273143589
"canonical","B2_sweep",2,800,0,"GATT","g=4_t=6",4,6,2,"wang",3.7542329054107,0.0786852379990925,3.60001267160105,3.62480717694694,3.88365863387446,3.90845313922036,0,,,,,,,,,3.78026273143589
"canonical","B2_sweep",2,800,0,"GATT","g=4_t=7",4,7,3,"wang",3.89843746010098,0.0775480791486927,3.74644601670039,3.77088219192094,4.02599272828103,4.05042890350157,0,,,,,,,,,3.78026273143589
"canonical","B2_sweep",2,800,0,"CATT","surface",,,,"wang",,,,,,,,0.282193658151508,0.222285634222685,1768,0.0661610172021539,0.942873303167421,1.14096456682842,0.899886877828054,0.957527858473928,
"canonical","B2_sweep",2,800,1,"GATT","g=4_t=4",4,4,0,"wang",3.77286255731687,0.0903003423366578,3.59587713714935,3.62433167802305,3.92139343661069,3.9498479774844,0,,,,,,,,,3.72174717840429
"canonical","B2_sweep",2,800,1,"GATT","g=4_t=5",4,5,1,"wang",3.72578589679282,0.0885698818438625,3.55219211689459,3.58010137236241,3.87147042122322,3.89937967669104,0,,,,,,,,,3.72174717840429
"canonical","B2_sweep",2,800,1,"GATT","g=4_t=6",4,6,2,"wang",3.90602443127069,0.0801874361552415,3.74885994315412,3.77412780616099,4.03792105638038,4.06318891938726,0,,,,,,,,,3.72174717840429
"canonical","B2_sweep",2,800,1,"GATT","g=4_t=7",4,7,3,"wang",3.69926163234372,0.0857265491829964,3.53124068210082,3.55825397501387,3.84026928967357,3.86728258258662,0,,,,,,,,,3.72174717840429
"canonical","B2_sweep",2,800,1,"CATT","surface",,,,"wang",,,,,,,,0.34277011966765,0.280288662855128,1504,0.086216785177834,0.863696808510638,1.07460603733454,0.784574468085106,0.901838012807308,
"canonical","B2_sweep",2,800,2,"GATT","g=4_t=4",4,4,0,"wang",3.94913979041138,0.0938205837135576,3.76525482387382,3.7948186280078,4.10346095281496,4.13302475694894,0,,,,,,,,,3.73409914283539
"canonical","B2_sweep",2,800,2,"GATT","g=4_t=5",4,5,1,"wang",3.94612054356592,0.087903023436575,3.77383378213908,3.80153290385418,4.09070818327767,4.11840730499276,0,,,,,,,,,3.73409914283539
"canonical","B2_sweep",2,800,2,"GATT","g=4_t=6",4,6,2,"wang",3.98812740453761,0.092125402769384,3.80756493162412,3.83659456729078,4.13966024178444,4.1686898774511,0,,,,,,,,,3.73409914283539
"canonical","B2_sweep",2,800,2,"GATT","g=4_t=7",4,7,3,"wang",3.68257076768784,0.0896492457179092,3.50686147345358,3.53511084727175,3.83003068810392,3.85828006192209,0,,,,,,,,,3.73409914283539
"canonical","B2_sweep",2,800,2,"CATT","surface",,,,"wang",,,,,,,,0.361444338499315,0.314084287618758,1604,0.0891327099336056,0.860349127182045,1.09281310423458,0.762468827930175,0.917117868365272,
"canonical","B2_sweep",2,800,3,"GATT","g=4_t=4",4,4,0,"wang",3.77756867423497,0.0814783969243574,3.61787394948552,3.64354860714035,3.91158874132958,3.93726339898442,0,,,,,,,,,3.76964927600855
"canonical","B2_sweep",2,800,3,"GATT","g=4_t=5",4,5,1,"wang",3.64966047307858,0.0814414052002369,3.4900382507767,3.51570125196935,3.78361969418781,3.80928269538046,0,,,,,,,,,3.76964927600855
"canonical","B2_sweep",2,800,3,"GATT","g=4_t=6",4,6,2,"wang",3.59076437987926,0.0802751583946272,3.43342795933149,3.45872346449322,3.7228052952653,3.74810080042703,0,,,,,,,,,3.76964927600855
"canonical","B2_sweep",2,800,3,"GATT","g=4_t=7",4,7,3,"wang",3.62209257934939,0.0808066325413831,3.46371448860705,3.48917746658717,3.75500769211162,3.78047067009173,0,,,,,,,,,3.76964927600855
"canonical","B2_sweep",2,800,3,"CATT","surface",,,,"wang",,,,,,,,0.301581743545337,0.236447619565882,1640,0.0618756690619079,0.914634146341463,1.14390020195666,0.856707317073171,0.95999152167551,
"canonical","B2_sweep",2,800,4,"GATT","g=4_t=4",4,4,0,"wang",3.78115293630508,0.0833324186173493,3.61782439578215,3.64408327421266,3.9182225983975,3.94448147682802,0,,,,,,,,,3.79652194840953
"canonical","B2_sweep",2,800,4,"GATT","g=4_t=5",4,5,1,"wang",3.69053703812503,0.0871467977268362,3.51973245186515,3.54719327929686,3.83388079695321,3.86134162438491,0,,,,,,,,,3.79652194840953
"canonical","B2_sweep",2,800,4,"GATT","g=4_t=6",4,6,2,"wang",3.69186532484408,0.0863231807314047,3.52267499824504,3.54987629572531,3.83385435396286,3.86105565144313,0,,,,,,,,,3.79652194840953
"canonical","B2_sweep",2,800,4,"GATT","g=4_t=7",4,7,3,"wang",3.7173773111999,0.0844136853460746,3.55192952681427,3.57852912320367,3.85622549919613,3.88282509558554,0,,,,,,,,,3.79652194840953
"canonical","B2_sweep",2,800,4,"CATT","surface",,,,"wang",,,,,,,,0.248024669716056,0.203472746932895,1604,0.0549174271727195,0.970074812967581,1.1816148615423,0.93640897755611,0.991642668675188,
"canonical","B2_sweep",2,800,5,"GATT","g=4_t=4",4,4,0,"wang",3.6311747331087,0.0853726127269551,3.46384748557792,3.49074924957431,3.77160021664308,3.79850198063947,0,,,,,,,,,3.66897156569833
"canonical","B2_sweep",2,800,5,"GATT","g=4_t=5",4,5,1,"wang",3.71008844395491,0.0848645841612883,3.54375691412382,3.57049859323888,3.84967829467094,3.87641997378601,0,,,,,,,,,3.66897156569833
"canonical","B2_sweep",2,800,5,"GATT","g=4_t=6",4,6,2,"wang",3.72733870366022,0.0892512287249125,3.55240950840363,3.58053346308713,3.87414394423331,3.90226789891682,0,,,,,,,,,3.66897156569833
"canonical","B2_sweep",2,800,5,"GATT","g=4_t=7",4,7,3,"wang",3.66580237695664,0.0823792829745173,3.50434194798077,3.53030048383887,3.8013042700744,3.8272628059325,0,,,,,,,,,3.66897156569833
"canonical","B2_sweep",2,800,5,"CATT","surface",,,,"wang",,,,,,,,0.332082663137029,0.261190043605139,1532,0.0742667720906157,0.838772845953003,1.03997551103868,0.780678851174935,0.872775152622198,
"canonical","B2_sweep",2,800,6,"GATT","g=4_t=4",4,4,0,"wang",3.7439422731685,0.0810599318367333,3.58506772492605,3.61061052004712,3.87727402628988,3.90281682141095,0,,,,,,,,,3.82449674041164
"canonical","B2_sweep",2,800,6,"GATT","g=4_t=5",4,5,1,"wang",3.71154242355554,0.0852363071717072,3.54448233000606,3.57134114275893,3.85174370435216,3.87860251710503,0,,,,,,,,,3.82449674041164
"canonical","B2_sweep",2,800,6,"GATT","g=4_t=6",4,6,2,"wang",3.62390335785248,0.0839025834751554,3.45945731473418,3.48589585781304,3.76191085789192,3.78834940097078,0,,,,,,,,,3.82449674041164
"canonical","B2_sweep",2,800,6,"GATT","g=4_t=7",4,7,3,"wang",3.88625544983236,0.0867422235947323,3.71624381430673,3.74357715638367,4.02893374328105,4.05626708535798,0,,,,,,,,,3.82449674041164
"canonical","B2_sweep",2,800,6,"CATT","surface",,,,"wang",,,,,,,,0.334727759778763,0.266307375048438,1688,0.0736202501657529,0.861374407582938,1.17145860508797,0.790876777251185,0.983119267707655,
"canonical","B2_sweep",2,800,7,"GATT","g=4_t=4",4,4,0,"wang",3.8004332473113,0.0806038684243679,3.6424525669388,3.667851651918,3.93301484270459,3.9584139276838,0,,,,,,,,,3.77413316119835
"canonical","B2_sweep",2,800,7,"GATT","g=4_t=5",4,5,1,"wang",3.70455138813523,0.0857136069581609,3.53655580418708,3.56356501887567,3.84553775739478,3.87254697208337,0,,,,,,,,,3.77413316119835
"canonical","B2_sweep",2,800,7,"GATT","g=4_t=6",4,6,2,"wang",3.5790227780921,0.0838792591926757,3.41462244972778,3.44105364309199,3.71699191309221,3.74342310645641,0,,,,,,,,,3.77413316119835
"canonical","B2_sweep",2,800,7,"GATT","g=4_t=7",4,7,3,"wang",3.77184598980902,0.0881906618208212,3.59899546750404,3.6267852269504,3.91690675266765,3.94469651211401,0,,,,,,,,,3.77413316119835
"canonical","B2_sweep",2,800,7,"CATT","surface",,,,"wang",,,,,,,,0.338946018907697,0.273826214299305,1556,0.0727785041788247,0.865681233933162,1.13920190117948,0.792416452442159,0.956048582505937,
"canonical","B2_sweep",2,800,8,"GATT","g=4_t=4",4,4,0,"wang",3.68725251388981,0.0785657342357351,3.53326650315421,3.55802335166923,3.8164816761104,3.84123852462542,0,,,,,,,,,3.69158681947906
"canonical","B2_sweep",2,800,8,"GATT","g=4_t=5",4,5,1,"wang",3.58470760480047,0.0772108101331656,3.43337719652863,3.4577070949097,3.71170811469125,3.73603801307231,0,,,,,,,,,3.69158681947906
"canonical","B2_sweep",2,800,8,"GATT","g=4_t=6",4,6,2,"wang",3.44984512702716,0.0842631401686122,3.28469240576973,3.31124456386826,3.58844569018606,3.61499784828459,0,,,,,,,,,3.69158681947906
"canonical","B2_sweep",2,800,8,"GATT","g=4_t=7",4,7,3,"wang",3.52802864156839,0.0816015394076064,3.3680925619849,3.39380602306763,3.66225126006915,3.68796472115188,0,,,,,,,,,3.69158681947906
"canonical","B2_sweep",2,800,8,"CATT","surface",,,,"wang",,,,,,,,0.464766536328013,0.379837597673265,1596,0.106832781593977,0.69047619047619,1.021845011102,0.604636591478697,0.857559554099551,
"canonical","B2_sweep",2,800,9,"GATT","g=4_t=4",4,4,0,"wang",3.76821967458212,0.0828283594410247,3.60587907189865,3.63197911624211,3.90446023292213,3.93056027726559,0,,,,,,,,,3.68768862297796
"canonical","B2_sweep",2,800,9,"GATT","g=4_t=5",4,5,1,"wang",3.82142583250379,0.0813618767356509,3.66195948312948,3.68759742410765,3.95525424089993,3.9808921818781,0,,,,,,,,,3.68768862297796
"canonical","B2_sweep",2,800,9,"GATT","g=4_t=6",4,6,2,"wang",3.74595860066229,0.080330454032827,3.58851380265429,3.61382673202458,3.8780904693,3.90340339867028,0,,,,,,,,,3.68768862297796
"canonical","B2_sweep",2,800,9,"GATT","g=4_t=7",4,7,3,"wang",3.75756908869772,0.0771468453348435,3.60636404912786,3.63067379156132,3.88446438583412,3.90877412826758,0,,,,,,,,,3.68768862297796
"canonical","B2_sweep",2,800,9,"CATT","surface",,,,"wang",,,,,,,,0.362848577131648,0.290014478218669,1620,0.0937638734692379,0.770987654320988,1.01607018033707,0.709259259259259,0.852713162286734,
"canonical","B2_sweep",2,800,10,"GATT","g=4_t=4",4,4,0,"wang",3.88550761798982,0.0856747909147718,3.71758811208934,3.74458509545449,4.02643014052514,4.0534271238903,0,,,,,,,,,3.73569228615908
"canonical","B2_sweep",2,800,10,"GATT","g=4_t=5",4,5,1,"wang",3.83036487672477,0.0860600641849881,3.6616902490845,3.68880863590983,3.9719211175397,3.99903950436503,0,,,,,,,,,3.73569228615908
"canonical","B2_sweep",2,800,10,"GATT","g=4_t=6",4,6,2,"wang",3.88307165751848,0.0852019776045949,3.71607884868467,3.74292684384765,4.02321647118931,4.05006446635229,0,,,,,,,,,3.73569228615908
"canonical","B2_sweep",2,800,10,"GATT","g=4_t=7",4,7,3,"wang",3.84529315339369,0.0871748864632302,3.67443351422167,3.7019031926951,3.98868311409228,4.01615279256571,0,,,,,,,,,3.73569228615908
"canonical","B2_sweep",2,800,10,"CATT","surface",,,,"wang",,,,,,,,0.319827637221129,0.268067854555803,1580,0.0819244411575097,0.882278481012658,1.12592157831256,0.824683544303797,0.944903381783407,
"canonical","B2_sweep",2,800,11,"GATT","g=4_t=4",4,4,0,"wang",3.63494573340486,0.0779231808177042,3.48221910423666,3.50677347774413,3.76311798906558,3.78767236257305,0,,,,,,,,,3.73943371064457
"canonical","B2_sweep",2,800,11,"GATT","g=4_t=5",4,5,1,"wang",3.59958163266369,0.0734517770759765,3.45561879385875,3.47876418333317,3.72039908199422,3.74354447146863,0,,,,,,,,,3.73943371064457
"canonical","B2_sweep",2,800,11,"GATT","g=4_t=6",4,6,2,"wang",3.71387689942034,0.0766103762211621,3.56372332000041,3.58786401565146,3.83988978318922,3.86403047884027,0,,,,,,,,,3.73943371064457
"canonical","B2_sweep",2,800,11,"GATT","g=4_t=7",4,7,3,"wang",3.66956169787303,0.0796813278593179,3.51338916379657,3.53849754701832,3.80062584872774,3.82573423194949,0,,,,,,,,,3.73943371064457
"canonical","B2_sweep",2,800,11,"CATT","surface",,,,"wang",,,,,,,,0.373645038901449,0.318553214823756,1636,0.0871675644198737,0.839853300733496,1.10826307243652,0.75,0.930083893249829,
"canonical","B2_sweep",2,800,12,"GATT","g=4_t=4",4,4,0,"wang",3.75197475755323,0.0773765488972377,3.60031950727041,3.62470163159342,3.87924788351305,3.90363000783606,0,,,,,,,,,3.76950894818358
"canonical","B2_sweep",2,800,12,"GATT","g=4_t=5",4,5,1,"wang",3.81316929442056,0.0831159316170437,3.65026506062469,3.67645572183654,3.94988286700458,3.97607352821642,0,,,,,,,,,3.76950894818358
"canonical","B2_sweep",2,800,12,"GATT","g=4_t=6",4,6,2,"wang",3.8157909320218,0.082382744374813,3.65432371882597,3.68028334540591,3.95129851863769,3.97725814521764,0,,,,,,,,,3.76950894818358
"canonical","B2_sweep",2,800,12,"GATT","g=4_t=7",4,7,3,"wang",3.80627654797801,0.0832905357168233,3.64303009643233,3.66927577714206,3.94327731881397,3.9695229995237,0,,,,,,,,,3.76950894818358
"canonical","B2_sweep",2,800,12,"CATT","surface",,,,"wang",,,,,,,,0.266853759556331,0.216145291782261,1628,0.0633605351700548,0.927518427518428,1.13292375006274,0.872235872235872,0.950779790846008,
"canonical","B2_sweep",2,800,13,"GATT","g=4_t=4",4,4,0,"wang",3.79022943820305,0.0776413752606304,3.63805513778173,3.6625207115401,3.917938164866,3.94240373862438,0,,,,,,,,,3.80774144655753
"canonical","B2_sweep",2,800,13,"GATT","g=4_t=5",4,5,1,"wang",3.69121972904042,0.0806280146208111,3.53319172299216,3.55859841667932,3.82384104140152,3.84924773508868,0,,,,,,,,,3.80774144655753
"canonical","B2_sweep",2,800,13,"GATT","g=4_t=6",4,6,2,"wang",3.71636060312374,0.0831560092267065,3.55337781865572,3.57958110872315,3.85314009752432,3.87934338759175,0,,,,,,,,,3.80774144655753
"canonical","B2_sweep",2,800,13,"GATT","g=4_t=7",4,7,3,"wang",3.51428115971236,0.0784217338910158,3.36057738446839,3.38528885703479,3.64327346238994,3.66798493495633,0,,,,,,,,,3.80774144655753
"canonical","B2_sweep",2,800,13,"CATT","surface",,,,"wang",,,,,,,,0.371630564176474,0.309662864263556,1636,0.082960073991816,0.812958435207824,1.12036895438315,0.726772616136919,0.940243471866288,
"canonical","B2_sweep",2,800,14,"GATT","g=4_t=4",4,4,0,"wang",3.45346700813565,0.0821284647022942,3.29249817394388,3.31837767445622,3.58855634181508,3.61443584232742,0,,,,,,,,,3.72499037754697
"canonical","B2_sweep",2,800,14,"GATT","g=4_t=5",4,5,1,"wang",3.60079486355272,0.083177951129496,3.43776907374514,3.46397927792556,3.73761044917987,3.76382065336029,0,,,,,,,,,3.72499037754697
"canonical","B2_sweep",2,800,14,"GATT","g=4_t=6",4,6,2,"wang",3.62280648474639,0.0816875578702227,3.46270181207283,3.48844237843332,3.75717059105945,3.78291115741994,0,,,,,,,,,3.72499037754697
"canonical","B2_sweep",2,800,14,"GATT","g=4_t=7",4,7,3,"wang",3.70411401271028,0.0792664703100107,3.54875458449559,3.57373224195498,3.83449578346558,3.85947344092497,0,,,,,,,,,3.72499037754697
"canonical","B2_sweep",2,800,14,"CATT","surface",,,,"wang",,,,,,,,0.379427637781232,0.325376029823722,1588,0.0881366857358416,0.842569269521411,1.15237641884397,0.756297229219144,0.967104988684064,
"canonical","B2_sweep",2,800,15,"GATT","g=4_t=4",4,4,0,"wang",3.75738309169218,0.0764547396877615,3.6075345542748,3.63162620729781,3.88313997608655,3.90723162910956,0,,,,,,,,,3.81076484373801
"canonical","B2_sweep",2,800,15,"GATT","g=4_t=5",4,5,1,"wang",3.82167628808963,0.0784878847298618,3.66784285958295,3.69257517694018,3.95077739923908,3.97550971659631,0,,,,,,,,,3.81076484373801
"canonical","B2_sweep",2,800,15,"GATT","g=4_t=6",4,6,2,"wang",3.91546754515274,0.0811951846300806,3.75632790630443,3.78191332093322,4.04902176937227,4.07460718400105,0,,,,,,,,,3.81076484373801
"canonical","B2_sweep",2,800,15,"GATT","g=4_t=7",4,7,3,"wang",3.85224945770219,0.0808932462357793,3.69370160723693,3.71919187805828,3.98530703734609,4.01079730816745,0,,,,,,,,,3.81076484373801
"canonical","B2_sweep",2,800,15,"CATT","surface",,,,"wang",,,,,,,,0.444452366555056,0.378052964371524,1616,0.110497548980886,0.715965346534653,1.07734648860211,0.633044554455445,0.904137872513544,
"canonical","B2_sweep",2,800,16,"GATT","g=4_t=4",4,4,0,"wang",3.72745839454283,0.0792520107864121,3.57212730647385,3.59710040759275,3.8578163814929,3.88278948261181,0,,,,,,,,,3.79374685533454
"canonical","B2_sweep",2,800,16,"GATT","g=4_t=5",4,5,1,"wang",3.70599783111986,0.0778922836878501,3.55333175921389,3.57787639672677,3.83411926551296,3.85866390302583,0,,,,,,,,,3.79374685533454
"canonical","B2_sweep",2,800,16,"GATT","g=4_t=6",4,6,2,"wang",3.73590049499041,0.0762511497379474,3.58645098654543,3.61047848633935,3.86132250364147,3.8853500034354,0,,,,,,,,,3.79374685533454
"canonical","B2_sweep",2,800,16,"GATT","g=4_t=7",4,7,3,"wang",3.72500248272294,0.0812227048727415,3.56580890518974,3.59140299172219,3.85860197372369,3.88419606025614,0,,,,,,,,,3.79374685533454
"canonical","B2_sweep",2,800,16,"CATT","surface",,,,"wang",,,,,,,,0.36353201844631,0.304860405284882,1600,0.0836533283924158,0.8175,1.11889951224961,0.75375,0.939010276883564,
"canonical","B2_sweep",2,800,17,"GATT","g=4_t=4",4,4,0,"wang",3.80410598058854,0.0842045933905678,3.63906800890839,3.66560171833169,3.94261024284539,3.96914395226869,0,,,,,,,,,3.75579357923616
"canonical","B2_sweep",2,800,17,"GATT","g=4_t=5",4,5,1,"wang",3.73578392033,0.0830264854836206,3.57305499773558,3.59921747357632,3.87235036708367,3.89851284292441,0,,,,,,,,,3.75579357923616
"canonical","B2_sweep",2,800,17,"GATT","g=4_t=6",4,6,2,"wang",3.83630045563112,0.0805585275812082,3.67840864167895,3.70379343930506,3.96880747195719,3.9941922695833,0,,,,,,,,,3.75579357923616
"canonical","B2_sweep",2,800,17,"GATT","g=4_t=7",4,7,3,"wang",3.63968048877157,0.077964447175602,3.48687297902749,3.511440355977,3.76792062156615,3.79248799851566,0,,,,,,,,,3.75579357923616
"canonical","B2_sweep",2,800,17,"CATT","surface",,,,"wang",,,,,,,,0.308186840658365,0.24514762558718,1664,0.0688833948636381,0.891225961538462,1.0910358213351,0.825721153846154,0.915626325211238,
"canonical","B2_sweep",2,800,18,"GATT","g=4_t=4",4,4,0,"wang",3.75296548438299,0.0804685069793056,3.5952501075698,3.62060653880405,3.88532442996192,3.91068086119617,0,,,,,,,,,3.8066731955351
"canonical","B2_sweep",2,800,18,"GATT","g=4_t=5",4,5,1,"wang",3.77834670990933,0.080593123007069,3.6203870901679,3.64578278915866,3.91091063066,3.93630632965076,0,,,,,,,,,3.8066731955351
"canonical","B2_sweep",2,800,18,"GATT","g=4_t=6",4,6,2,"wang",3.70885892759636,0.0815358824834271,3.54905153322061,3.57474430514996,3.84297355004275,3.8686663219721,0,,,,,,,,,3.8066731955351
"canonical","B2_sweep",2,800,18,"GATT","g=4_t=7",4,7,3,"wang",3.77357572087499,0.0845948217554835,3.60777291564783,3.6344295899312,3.91272185181879,3.93937852610216,0,,,,,,,,,3.8066731955351
"canonical","B2_sweep",2,800,18,"CATT","surface",,,,"wang",,,,,,,,0.329742884438044,0.258570417633697,1672,0.0688860213825907,0.869019138755981,1.10554784776118,0.810406698564593,0.927805204371799,
"canonical","B2_sweep",2,800,19,"GATT","g=4_t=4",4,4,0,"wang",3.91823828652981,0.0769759173231799,3.7673682597094,3.79162414101711,4.04485243204252,4.06910831335022,0,,,,,,,,,3.71963839432273
"canonical","B2_sweep",2,800,19,"GATT","g=4_t=5",4,5,1,"wang",3.80200698982499,0.0854641448795535,3.63450034257028,3.66143094926328,3.9425830303867,3.9695136370797,0,,,,,,,,,3.71963839432273
"canonical","B2_sweep",2,800,19,"GATT","g=4_t=6",4,6,2,"wang",3.85786592270338,0.0820148389428295,3.69711979090964,3.72296348680891,3.99276835859785,4.01861205449713,0,,,,,,,,,3.71963839432273
"canonical","B2_sweep",2,800,19,"GATT","g=4_t=7",4,7,3,"wang",3.7825183927217,0.0863297478062826,3.61331519489231,3.64051856172354,3.92451822371985,3.95172159055109,0,,,,,,,,,3.71963839432273
"canonical","B2_sweep",2,800,19,"CATT","surface",,,,"wang",,,,,,,,0.312900921405798,0.245923225593573,1568,0.0773217966462349,0.860331632653061,1.0739691558726,0.813137755102041,0.901303524918656,
"canonical","B2_sweep",2,800,20,"GATT","g=4_t=4",4,4,0,"wang",3.70146249077437,0.0827907774789977,3.53919554738353,3.56528374927493,3.83764123227381,3.86372943416522,0,,,,,,,,,3.64883006998704
"canonical","B2_sweep",2,800,20,"GATT","g=4_t=5",4,5,1,"wang",3.63803477721048,0.0893150675755234,3.46298046010488,3.49112453104861,3.78494502337235,3.81308909431607,0,,,,,,,,,3.64883006998704
"canonical","B2_sweep",2,800,20,"GATT","g=4_t=6",4,6,2,"wang",3.67684441911556,0.0829356899455558,3.51429345250711,3.54042731776585,3.81326152046526,3.83939538572401,0,,,,,,,,,3.64883006998704
"canonical","B2_sweep",2,800,20,"GATT","g=4_t=7",4,7,3,"wang",3.59711759738268,0.079878923645565,3.44055778267863,3.46572843030858,3.72850676445679,3.75367741208674,0,,,,,,,,,3.64883006998704
"canonical","B2_sweep",2,800,20,"CATT","surface",,,,"wang",,,,,,,,0.307177238996543,0.245051513034849,1512,0.0750747069158481,0.880291005291005,1.04773572198124,0.816137566137566,0.879287728368342,
"canonical","B2_sweep",2,800,21,"GATT","g=4_t=4",4,4,0,"wang",3.62819853982118,0.0797028664914956,3.47198379080105,3.49709896106118,3.75929811858119,3.78441328884132,0,,,,,,,,,3.72407897642057
"canonical","B2_sweep",2,800,21,"GATT","g=4_t=5",4,5,1,"wang",3.65105840998801,0.0793893758390441,3.49545809136101,3.52047447758165,3.78164234239436,3.806658728615,0,,,,,,,,,3.72407897642057
"canonical","B2_sweep",2,800,21,"GATT","g=4_t=6",4,6,2,"wang",3.54386427158217,0.0764102325102016,3.39410296663054,3.41818059499683,3.6695479481675,3.69362557653379,0,,,,,,,,,3.72407897642057
"canonical","B2_sweep",2,800,21,"GATT","g=4_t=7",4,7,3,"wang",3.61263778275736,0.0772804977789167,3.46117078920861,3.48552264686372,3.739752918651,3.76410477630612,0,,,,,,,,,3.72407897642057
"canonical","B2_sweep",2,800,21,"CATT","surface",,,,"wang",,,,,,,,0.459727038509598,0.368968753474303,1556,0.099521957456527,0.7146529562982,1.01386453066201,0.633676092544987,0.850862122323438,
"canonical","B2_sweep",2,800,22,"GATT","g=4_t=4",4,4,0,"wang",3.68265546249978,0.0807015369661588,3.52448335530144,3.54991321661485,3.81539770838472,3.84082756969813,0,,,,,,,,,3.69203882305636
"canonical","B2_sweep",2,800,22,"GATT","g=4_t=5",4,5,1,"wang",3.64322218870443,0.0815063940814259,3.48347259053502,3.50915607037402,3.77728830703484,3.80297178687383,0,,,,,,,,,3.69203882305636
"canonical","B2_sweep",2,800,22,"GATT","g=4_t=6",4,6,2,"wang",3.7235609167248,0.0849112325262412,3.55713795777774,3.58389433625909,3.86322749719052,3.88998387567187,0,,,,,,,,,3.69203882305636
"canonical","B2_sweep",2,800,22,"GATT","g=4_t=7",4,7,3,"wang",3.54614571281931,0.0788071931279975,3.39168645134738,3.41651938597395,3.67577203966467,3.70060497429123,0,,,,,,,,,3.69203882305636
"canonical","B2_sweep",2,800,22,"CATT","surface",,,,"wang",,,,,,,,0.307329348307145,0.248510764130777,1652,0.0684513050452602,0.898305084745763,1.10558003763636,0.826271186440678,0.927832218972552,
"canonical","B2_sweep",2,800,23,"GATT","g=4_t=4",4,4,0,"wang",3.76677505793644,0.0794718319882654,3.61101312822539,3.63605549720321,3.89749461866967,3.92253698764749,0,,,,,,,,,3.74299765123366
"canonical","B2_sweep",2,800,23,"GATT","g=4_t=5",4,5,1,"wang",3.72918793727179,0.0896678135539884,3.55344225074727,3.58169747547626,3.87667839906733,3.90493362379632,0,,,,,,,,,3.74299765123366
"canonical","B2_sweep",2,800,23,"GATT","g=4_t=6",4,6,2,"wang",3.74773872546823,0.0843832078181365,3.58235067594016,3.60894066855573,3.88653678238072,3.91312677499629,0,,,,,,,,,3.74299765123366
"canonical","B2_sweep",2,800,23,"GATT","g=4_t=7",4,7,3,"wang",3.76835413654396,0.08405304248659,3.60361319917977,3.63009915339772,3.9066091196902,3.93309507390815,0,,,,,,,,,3.74299765123366
"canonical","B2_sweep",2,800,23,"CATT","surface",,,,"wang",,,,,,,,0.454762897642387,0.392557701426955,1524,0.113932949834182,0.721128608923885,1.12811299621195,0.612860892388451,0.946742478061442,
"canonical","B2_sweep",2,800,24,"GATT","g=4_t=4",4,4,0,"wang",3.69140772339652,0.0795281321981955,3.53553544730081,3.56059555703778,3.82221988975525,3.84727999949222,0,,,,,,,,,3.7205950632964
"canonical","B2_sweep",2,800,24,"GATT","g=4_t=5",4,5,1,"wang",3.7360503683375,0.0827858015715756,3.57379317754606,3.59987981147928,3.87222092519571,3.89830755912893,0,,,,,,,,,3.7205950632964
"canonical","B2_sweep",2,800,24,"GATT","g=4_t=6",4,6,2,"wang",3.6384343941924,0.0846471785213523,3.47252897158898,3.49920214401284,3.77766664437196,3.80433981679582,0,,,,,,,,,3.7205950632964
"canonical","B2_sweep",2,800,24,"GATT","g=4_t=7",4,7,3,"wang",3.62380639309255,0.0811109183653682,3.46483191308949,3.4903907745756,3.7572220116095,3.78278087309561,0,,,,,,,,,3.7205950632964
"canonical","B2_sweep",2,800,24,"CATT","surface",,,,"wang",,,,,,,,0.31178388717871,0.254236164569777,1648,0.0735485341721707,0.87378640776699,1.06062606040729,0.810679611650485,0.890105643759364,
"canonical","B2_sweep",2,800,25,"GATT","g=4_t=4",4,4,0,"wang",3.74493307520318,0.0786697733875954,3.59074315147534,3.6155327837675,3.87433336663886,3.89912299893103,0,,,,,,,,,3.81234671054043
"canonical","B2_sweep",2,800,25,"GATT","g=4_t=5",4,5,1,"wang",3.84019390531921,0.0831355557747288,3.67725120888075,3.70344805386093,3.9769397567775,4.00313660175767,0,,,,,,,,,3.81234671054043
"canonical","B2_sweep",2,800,25,"GATT","g=4_t=6",4,6,2,"wang",3.78529134131295,0.0805145124676106,3.62748579539889,3.65285672342255,3.91772595920335,3.94309688722702,0,,,,,,,,,3.81234671054043
"canonical","B2_sweep",2,800,25,"GATT","g=4_t=7",4,7,3,"wang",3.83502578552549,0.0813242358399378,3.6756332109517,3.70125929090722,3.96879228014375,3.99441836009927,0,,,,,,,,,3.81234671054043
"canonical","B2_sweep",2,800,25,"CATT","surface",,,,"wang",,,,,,,,0.541118663349185,0.453842367372561,1536,0.130408449792463,0.581380208333333,1.04365114492497,0.504557291666667,0.875859842494258,
"canonical","B2_sweep",2,800,26,"GATT","g=4_t=4",4,4,0,"wang",3.89265947520142,0.0862345394968042,3.7236428822311,3.75081624797194,4.03450270243089,4.06167606817173,0,,,,,,,,,3.7118263771413
"canonical","B2_sweep",2,800,26,"GATT","g=4_t=5",4,5,1,"wang",3.8954298687348,0.081060902925859,3.73655341719262,3.76209651831359,4.02876321915601,4.05430632027698,0,,,,,,,,,3.7118263771413
"canonical","B2_sweep",2,800,26,"GATT","g=4_t=6",4,6,2,"wang",3.72090329731065,0.0826194756077912,3.5589720994205,3.58500632237928,3.85680027224203,3.8828344952008,0,,,,,,,,,3.7118263771413
"canonical","B2_sweep",2,800,26,"GATT","g=4_t=7",4,7,3,"wang",3.80343641181691,0.0882675585914196,3.63043517460984,3.65824916499758,3.94862365863624,3.97643764902399,0,,,,,,,,,3.7118263771413
"canonical","B2_sweep",2,800,26,"CATT","surface",,,,"wang",,,,,,,,0.371024343419113,0.301114125889325,1628,0.0948155068182091,0.814496314496315,1.09012341003076,0.748771498771499,0.914860605339047,
"canonical","B2_sweep",2,800,27,"GATT","g=4_t=4",4,4,0,"wang",3.89600681088146,0.0854107887639728,3.72860473969246,3.75551853333988,4.03649508842303,4.06340888207045,0,,,,,,,,,3.85806153871503
"canonical","B2_sweep",2,800,27,"GATT","g=4_t=5",4,5,1,"wang",3.77381455625566,0.0856382982075526,3.60596657474759,3.63295205889577,3.91467705361554,3.94166253776372,0,,,,,,,,,3.85806153871503
"canonical","B2_sweep",2,800,27,"GATT","g=4_t=6",4,6,2,"wang",3.80846669925697,0.0827109970496461,3.64635612263556,3.67241918491587,3.94451421359807,3.97057727587838,0,,,,,,,,,3.85806153871503
"canonical","B2_sweep",2,800,27,"GATT","g=4_t=7",4,7,3,"wang",3.693752306233,0.0839946902454922,3.52912573716068,3.55559330400394,3.83191130846206,3.85837887530531,0,,,,,,,,,3.85806153871503
"canonical","B2_sweep",2,800,27,"CATT","surface",,,,"wang",,,,,,,,0.349923127375446,0.286305314873939,1644,0.0758715090770973,0.806569343065693,0.923761454508104,0.722019464720195,0.775245220572149,
"canonical","B2_sweep",2,800,28,"GATT","g=4_t=4",4,4,0,"wang",4.02891209400519,0.082363501832231,3.86748259550008,3.89343615856243,4.16438802944794,4.19034159251029,0,,,,,,,,,3.82708992487955
"canonical","B2_sweep",2,800,28,"GATT","g=4_t=5",4,5,1,"wang",3.87295691297666,0.0795768771005622,3.71698909862714,3.7420645683703,4.00384925758303,4.02892472732619,0,,,,,,,,,3.82708992487955
"canonical","B2_sweep",2,800,28,"GATT","g=4_t=6",4,6,2,"wang",3.75590108120909,0.0797558775971587,3.59958243233025,3.62471430691989,3.88708785549828,3.91221973008792,0,,,,,,,,,3.82708992487955
"canonical","B2_sweep",2,800,28,"GATT","g=4_t=7",4,7,3,"wang",3.99562624885976,0.0838180362331545,3.83134591529209,3.85775781668952,4.13349468103001,4.15990658242744,0,,,,,,,,,3.82708992487955
"canonical","B2_sweep",2,800,28,"CATT","surface",,,,"wang",,,,,,,,0.417239025667694,0.346826030773017,1636,0.101430732061126,0.724327628361858,1.0270853303567,0.639975550122249,0.861957369614206,
"canonical","B2_sweep",2,800,29,"GATT","g=4_t=4",4,4,0,"wang",3.72052291133591,0.0784406911629123,3.56678198052148,3.59149942671382,3.84954639595799,3.87426384215033,0,,,,,,,,,3.76142681644995
"canonical","B2_sweep",2,800,29,"GATT","g=4_t=5",4,5,1,"wang",3.71902280519994,0.0857275271433397,3.55099993818997,3.57801353926811,3.86003207113177,3.88704567220991,0,,,,,,,,,3.76142681644995
"canonical","B2_sweep",2,800,29,"GATT","g=4_t=6",4,6,2,"wang",3.74357418006855,0.0858336239400965,3.57534336715642,3.60239040039618,3.88475795974091,3.91180499298067,0,,,,,,,,,3.76142681644995
"canonical","B2_sweep",2,800,29,"GATT","g=4_t=7",4,7,3,"wang",3.71754469076688,0.0811799632683547,3.55843488523958,3.58401550346507,3.85107387806868,3.87665449629418,0,,,,,,,,,3.76142681644995
"canonical","B2_sweep",2,800,29,"CATT","surface",,,,"wang",,,,,,,,0.340770369483736,0.270124718447625,1612,0.071823504986824,0.848014888337469,1.08883509245709,0.787220843672457,0.913779414911911,
"canonical","B2_sweep",2,800,30,"GATT","g=4_t=4",4,4,0,"wang",3.95623406288504,0.0775376252540173,3.80426310874167,3.82869598983547,4.08377213593461,4.1082050170284,0,,,,,,,,,3.78204217885028
"canonical","B2_sweep",2,800,30,"GATT","g=4_t=5",4,5,1,"wang",3.80985006938393,0.079322454125138,3.65438091490701,3.67937621342638,3.94032392534148,3.96531922386086,0,,,,,,,,,3.78204217885028
"canonical","B2_sweep",2,800,30,"GATT","g=4_t=6",4,6,2,"wang",3.85681486527227,0.0772753895181204,3.70535788373078,3.72970813172183,3.98392159882271,4.00827184681376,0,,,,,,,,,3.78204217885028
"canonical","B2_sweep",2,800,30,"GATT","g=4_t=7",4,7,3,"wang",3.85600993754017,0.0786253301459185,3.70190712096605,3.72668274874833,3.985337126332,4.01011275411428,0,,,,,,,,,3.78204217885028
"canonical","B2_sweep",2,800,30,"CATT","surface",,,,"wang",,,,,,,,0.388113718794619,0.30666996287164,1516,0.0956508892247551,0.795514511873351,1.03024045411273,0.730211081794195,0.864605233519156,
"canonical","B2_sweep",2,800,31,"GATT","g=4_t=4",4,4,0,"wang",3.71037133243485,0.0799154150172271,3.55373999595603,3.57892214238211,3.8418205224876,3.86700266891368,0,,,,,,,,,3.76966049529231
"canonical","B2_sweep",2,800,31,"GATT","g=4_t=5",4,5,1,"wang",3.60202668302836,0.0790869499800899,3.44701910819758,3.47194019700581,3.73211316905091,3.75703425785913,0,,,,,,,,,3.76966049529231
"canonical","B2_sweep",2,800,31,"GATT","g=4_t=6",4,6,2,"wang",3.78894434125255,0.08011820147314,3.63191555062044,3.65716159708665,3.92072708541845,3.94597313188465,0,,,,,,,,,3.76966049529231
"canonical","B2_sweep",2,800,31,"GATT","g=4_t=7",4,7,3,"wang",3.63657121393866,0.0757816370022627,3.48804193355315,3.51192148518894,3.76122094268838,3.78510049432416,0,,,,,,,,,3.76966049529231
"canonical","B2_sweep",2,800,31,"CATT","surface",,,,"wang",,,,,,,,0.368020033616637,0.306659213425022,1644,0.0822361353594276,0.822992700729927,1.05805763042546,0.735401459854015,0.887950148898573,
"canonical","B2_sweep",2,800,32,"GATT","g=4_t=4",4,4,0,"wang",3.68768679640919,0.0791010598898951,3.53265156666315,3.55757710164506,3.81779649117332,3.84272202615523,0,,,,,,,,,3.68644571898098
"canonical","B2_sweep",2,800,32,"GATT","g=4_t=5",4,5,1,"wang",3.71505911594751,0.0841557090404218,3.55011695583381,3.57663526130953,3.85348297058548,3.88000127606121,0,,,,,,,,,3.68644571898098
"canonical","B2_sweep",2,800,32,"GATT","g=4_t=6",4,6,2,"wang",3.64119164751319,0.0821083999982753,3.48026213941897,3.50613531734243,3.77624797768396,3.80212115560741,0,,,,,,,,,3.68644571898098
"canonical","B2_sweep",2,800,32,"GATT","g=4_t=7",4,7,3,"wang",3.58159573615304,0.0822171898173187,3.42045300392993,3.44636046261327,3.71683100969282,3.74273846837615,0,,,,,,,,,3.68644571898098
"canonical","B2_sweep",2,800,32,"CATT","surface",,,,"wang",,,,,,,,0.387724996767617,0.322392535558645,1648,0.0912835712449791,0.808859223300971,1.0880375600653,0.711771844660194,0.913110104483369,
"canonical","B2_sweep",2,800,33,"GATT","g=4_t=4",4,4,0,"wang",3.72773711807838,0.0814626855882917,3.56807318698201,3.59374289383773,3.86173134231902,3.88740104917475,0,,,,,,,,,3.72466303337183
"canonical","B2_sweep",2,800,33,"GATT","g=4_t=5",4,5,1,"wang",3.66104664345189,0.0854303897331646,3.49360615506892,3.52052612517773,3.80156716172604,3.82848713183486,0,,,,,,,,,3.72466303337183
"canonical","B2_sweep",2,800,33,"GATT","g=4_t=6",4,6,2,"wang",3.66549520383073,0.0822666387246922,3.50425555352933,3.53017859405787,3.80081181360359,3.82673485413213,0,,,,,,,,,3.72466303337183
"canonical","B2_sweep",2,800,33,"GATT","g=4_t=7",4,7,3,"wang",3.67361398628067,0.0851393213072328,3.50674398153406,3.53357223307118,3.81365573949016,3.84048399102728,0,,,,,,,,,3.72466303337183
"canonical","B2_sweep",2,800,33,"CATT","surface",,,,"wang",,,,,,,,0.245987549297642,0.194911489311784,1616,0.0515754733695913,0.943069306930693,1.07505073098074,0.900371287128713,0.902211211561335,
"canonical","B2_sweep",2,800,34,"GATT","g=4_t=4",4,4,0,"wang",3.80807350319001,0.0724185336285392,3.66613578434528,3.68895558847697,3.92719141790304,3.95001122203473,0,,,,,,,,,3.79297280909321
"canonical","B2_sweep",2,800,34,"GATT","g=4_t=5",4,5,1,"wang",3.72287935531497,0.0822381862362136,3.5616954708667,3.58760954573159,3.85814916489835,3.88406323976324,0,,,,,,,,,3.79297280909321
"canonical","B2_sweep",2,800,34,"GATT","g=4_t=6",4,6,2,"wang",3.65734412830434,0.0774759199880291,3.50549411426092,3.52990755140835,3.78478070520032,3.80919414234775,0,,,,,,,,,3.79297280909321
"canonical","B2_sweep",2,800,34,"GATT","g=4_t=7",4,7,3,"wang",3.7985699083561,0.0831984487531914,3.635503943944,3.66172060713062,3.93541920958158,3.9616358727682,0,,,,,,,,,3.79297280909321
"canonical","B2_sweep",2,800,34,"CATT","surface",,,,"wang",,,,,,,,0.38613995012478,0.320918842968866,1612,0.0947475140964172,0.815136476426799,1.06112550590708,0.740694789081886,0.890524791727438,
"canonical","B2_sweep",2,800,35,"GATT","g=4_t=4",4,4,0,"wang",3.56477072613302,0.0834020053004326,3.40130579821636,3.42758660410658,3.70195484815945,3.72823565404967,0,,,,,,,,,3.69380506154006
"canonical","B2_sweep",2,800,35,"GATT","g=4_t=5",4,5,1,"wang",3.66008718976055,0.0824295405429744,3.49852825775978,3.52450263028028,3.79567174924083,3.82164612176132,0,,,,,,,,,3.69380506154006
"canonical","B2_sweep",2,800,35,"GATT","g=4_t=6",4,6,2,"wang",3.60523424279683,0.0831301152378709,3.44230220961475,3.46849734022735,3.7419711453663,3.76816627597891,0,,,,,,,,,3.69380506154006
"canonical","B2_sweep",2,800,35,"GATT","g=4_t=7",4,7,3,"wang",3.68859385634189,0.08488515192751,3.52222201442944,3.54897017465332,3.82821753803046,3.85496569825434,0,,,,,,,,,3.69380506154006
"canonical","B2_sweep",2,800,35,"CATT","surface",,,,"wang",,,,,,,,0.397198444437988,0.32640954780174,1556,0.0934879713796232,0.792416452442159,1.05113090227158,0.701799485861183,0.88213705411172,
"canonical","B2_sweep",2,800,36,"GATT","g=4_t=4",4,4,0,"wang",3.59290577921487,0.0789124925790505,3.43824013460967,3.46310625014625,3.7227053082835,3.74757142382008,0,,,,,,,,,3.71540234421827
"canonical","B2_sweep",2,800,36,"GATT","g=4_t=5",4,5,1,"wang",3.57252310488692,0.0786453766040069,3.41838099797663,3.44316294259832,3.70188326717553,3.72666521179722,0,,,,,,,,,3.71540234421827
"canonical","B2_sweep",2,800,36,"GATT","g=4_t=6",4,6,2,"wang",3.69179264692065,0.0779952933986159,3.53892467968992,3.56350177659276,3.82008351724853,3.84466061415137,0,,,,,,,,,3.71540234421827
"canonical","B2_sweep",2,800,36,"GATT","g=4_t=7",4,7,3,"wang",3.72858874593759,0.0798264334489231,3.5721318101293,3.59728591757339,3.85989157430178,3.88504568174587,0,,,,,,,,,3.71540234421827
"canonical","B2_sweep",2,800,36,"CATT","surface",,,,"wang",,,,,,,,0.444473194467451,0.360805890435594,1568,0.102854389434147,0.71875,1.04458511280416,0.639030612244898,0.876643653218307,
"canonical","B2_sweep",2,800,37,"GATT","g=4_t=4",4,4,0,"wang",3.82512894986049,0.0842231262470324,3.66005465444885,3.68659420376055,3.96366369596043,3.99020324527213,0,,,,,,,,,3.70648969762418
"canonical","B2_sweep",2,800,37,"GATT","g=4_t=5",4,5,1,"wang",3.67051485634669,0.0860951205696953,3.50177151945443,3.52890095289715,3.81212875979624,3.83925819323895,0,,,,,,,,,3.70648969762418
"canonical","B2_sweep",2,800,37,"GATT","g=4_t=6",4,6,2,"wang",3.67030275131766,0.0848934238440605,3.50391469674656,3.53066546353406,3.80994003910126,3.83669080588876,0,,,,,,,,,3.70648969762418
"canonical","B2_sweep",2,800,37,"GATT","g=4_t=7",4,7,3,"wang",3.77387931554472,0.0803246836481182,3.61644582728302,3.64175693834737,3.90600169274206,3.93131280380642,0,,,,,,,,,3.70648969762418
"canonical","B2_sweep",2,800,37,"CATT","surface",,,,"wang",,,,,,,,0.266758582426731,0.221543455066487,1608,0.0632575381424071,0.923507462686567,1.06619179755229,0.872512437810945,0.894776558636316,
"canonical","B2_sweep",2,800,38,"GATT","g=4_t=4",4,4,0,"wang",3.70567206144288,0.0766258806566027,3.55548809388765,3.57963367514135,3.83171044774442,3.85585602899812,0,,,,,,,,,3.73752854745873
"canonical","B2_sweep",2,800,38,"GATT","g=4_t=5",4,5,1,"wang",3.64317635049287,0.0790307182971649,3.48827898773628,3.5131823573789,3.77317034360683,3.79807371324945,0,,,,,,,,,3.73752854745873
"canonical","B2_sweep",2,800,38,"GATT","g=4_t=6",4,6,2,"wang",3.80898586854372,0.0742811923637564,3.66339740563369,3.68680415215943,3.93116758492802,3.95457433145376,0,,,,,,,,,3.73752854745873
"canonical","B2_sweep",2,800,38,"GATT","g=4_t=7",4,7,3,"wang",3.65222330395522,0.0810410475580902,3.49338576821907,3.5189226127151,3.78552399519533,3.81106083969136,0,,,,,,,,,3.73752854745873
"canonical","B2_sweep",2,800,38,"CATT","surface",,,,"wang",,,,,,,,0.480232460260699,0.386643756794038,1600,0.109672378049994,0.6725,1.02831517990834,0.605,0.862989492119727,
"canonical","B2_sweep",2,800,39,"GATT","g=4_t=4",4,4,0,"wang",3.72276678920509,0.0805479517576048,3.56489570348645,3.59027716856479,3.85525640984539,3.88063787492373,0,,,,,,,,,3.83429735778616
"canonical","B2_sweep",2,800,39,"GATT","g=4_t=5",4,5,1,"wang",3.68428319336901,0.0847977056657946,3.51808274298146,3.54480334801381,3.82376303872422,3.85048364375657,0,,,,,,,,,3.83429735778616
"canonical","B2_sweep",2,800,39,"GATT","g=4_t=6",4,6,2,"wang",3.70353467953536,0.0840631537712362,3.53877392441727,3.56526306480212,3.84180629426859,3.86829543465344,0,,,,,,,,,3.83429735778616
"canonical","B2_sweep",2,800,39,"GATT","g=4_t=7",4,7,3,"wang",3.81972789945919,0.0841191449861282,3.6548574035756,3.68136418735218,3.9580916115662,3.98459839534278,0,,,,,,,,,3.83429735778616
"canonical","B2_sweep",2,800,39,"CATT","surface",,,,"wang",,,,,,,,0.282983271580785,0.230879760693155,1612,0.0626260727823798,0.916253101736973,1.09554639233527,0.866004962779156,0.91941171655104,
"canonical","B2_sweep",2,800,40,"GATT","g=4_t=4",4,4,0,"wang",3.6070331364229,0.0809893272529371,3.44829697062292,3.4738175175336,3.7402487553122,3.76576930222287,0,,,,,,,,,3.73922888079053
"canonical","B2_sweep",2,800,40,"GATT","g=4_t=5",4,5,1,"wang",3.55758553132411,0.0874997290824545,3.38608921231274,3.41366125194392,3.7015098107043,3.72908185033547,0,,,,,,,,,3.73922888079053
"canonical","B2_sweep",2,800,40,"GATT","g=4_t=6",4,6,2,"wang",3.65466179256248,0.0869947606776323,3.48415519344571,3.51156811248283,3.79775547264213,3.82516839167925,0,,,,,,,,,3.73922888079053
"canonical","B2_sweep",2,800,40,"GATT","g=4_t=7",4,7,3,"wang",3.66748387419888,0.0892282043585048,3.49259980587157,3.52071650534698,3.81425124305078,3.84236794252619,0,,,,,,,,,3.73922888079053
"canonical","B2_sweep",2,800,40,"CATT","surface",,,,"wang",,,,,,,,0.37402647589743,0.310016124929827,1472,0.0878533908334105,0.799592391304348,1.04135202204312,0.697010869565217,0.873930357325807,
"canonical","B2_sweep",2,800,41,"GATT","g=4_t=4",4,4,0,"wang",3.88212739359826,0.0747981249148373,3.73552576149768,3.75909539863959,4.00515938855693,4.02872902569884,0,,,,,,,,,3.83014405742301
"canonical","B2_sweep",2,800,41,"GATT","g=4_t=5",4,5,1,"wang",3.89902031412429,0.0769015699910086,3.74829600539843,3.7725284591183,4.02551216913028,4.04974462285015,0,,,,,,,,,3.83014405742301
"canonical","B2_sweep",2,800,41,"GATT","g=4_t=6",4,6,2,"wang",3.86704837901653,0.0766720776623578,3.7167738669931,3.74093400538529,3.99316275264777,4.01732289103995,0,,,,,,,,,3.83014405742301
"canonical","B2_sweep",2,800,41,"GATT","g=4_t=7",4,7,3,"wang",4.06092926978267,0.0786459653589116,3.90678600893396,3.93156813907821,4.19029040048714,4.21507253063139,0,,,,,,,,,3.83014405742301
"canonical","B2_sweep",2,800,41,"CATT","surface",,,,"wang",,,,,,,,0.400478816560579,0.336849701519656,1636,0.101041436439778,0.808068459657702,1.12160360062823,0.724327628361858,0.941279619884722,
"canonical","B2_sweep",2,800,42,"GATT","g=4_t=4",4,4,0,"wang",3.90426379352034,0.0836761606252548,3.74026153103662,3.76662872601124,4.04189886102943,4.06826605600405,0,,,,,,,,,3.76675923451163
"canonical","B2_sweep",2,800,42,"GATT","g=4_t=5",4,5,1,"wang",3.89013472769532,0.0826993892485967,3.72804690194609,3.75410630649221,4.02616314889843,4.05222255344456,0,,,,,,,,,3.76675923451163
"canonical","B2_sweep",2,800,42,"GATT","g=4_t=6",4,6,2,"wang",3.77021633460327,0.0909273820171803,3.59200193923535,3.62065406658278,3.91977860262375,3.94843072997119,0,,,,,,,,,3.76675923451163
"canonical","B2_sweep",2,800,42,"GATT","g=4_t=7",4,7,3,"wang",3.83252044970928,0.0868053082322012,3.66238517056526,3.68973839124231,3.97530250817625,4.0026557288533,0,,,,,,,,,3.76675923451163
"canonical","B2_sweep",2,800,42,"CATT","surface",,,,"wang",,,,,,,,0.356449601340343,0.296412509300174,1632,0.0894722844153086,0.892156862745098,1.20879107473939,0.822303921568627,1.01444967073344,
"canonical","B2_sweep",2,800,43,"GATT","g=4_t=4",4,4,0,"wang",3.91753646657289,0.0788546179584346,3.76298425414061,3.78783213280549,4.0472408003403,4.07208867900518,0,,,,,,,,,3.6935039387496
"canonical","B2_sweep",2,800,43,"GATT","g=4_t=5",4,5,1,"wang",3.79595784429956,0.0792980734284204,3.6405364751105,3.66552409102853,3.92639159757059,3.95137921348862,0,,,,,,,,,3.6935039387496
"canonical","B2_sweep",2,800,43,"GATT","g=4_t=6",4,6,2,"wang",3.84242524676835,0.0804913446027215,3.68466510903542,3.71002873663318,3.97482175690351,4.00018538450128,0,,,,,,,,,3.6935039387496
"canonical","B2_sweep",2,800,43,"GATT","g=4_t=7",4,7,3,"wang",3.82557975394213,0.080413107898843,3.66797295733228,3.69331193176228,3.95784757612197,3.98318655055197,0,,,,,,,,,3.6935039387496
"canonical","B2_sweep",2,800,43,"CATT","surface",,,,"wang",,,,,,,,0.545173805246652,0.475568781602997,1556,0.145869905870188,0.57133676092545,1.06854293795595,0.459511568123393,0.896749698294767,
"canonical","B2_sweep",2,800,44,"GATT","g=4_t=4",4,4,0,"wang",3.41545636053848,0.0820654776640268,3.25461097867418,3.28047063134089,3.55044208973606,3.57630174240278,0,,,,,,,,,3.58687888910551
"canonical","B2_sweep",2,800,44,"GATT","g=4_t=5",4,5,1,"wang",3.57083706474593,0.0853862175194172,3.4034831523117,3.43038920331424,3.71128492617761,3.73819097718016,0,,,,,,,,,3.58687888910551
"canonical","B2_sweep",2,800,44,"GATT","g=4_t=6",4,6,2,"wang",3.52664748410056,0.0793946563859442,3.37103681579174,3.39605486596552,3.65724010223561,3.68225815240938,0,,,,,,,,,3.58687888910551
"canonical","B2_sweep",2,800,44,"GATT","g=4_t=7",4,7,3,"wang",3.39980436605121,0.0870666937971293,3.22915678060981,3.25659236649222,3.54301636561019,3.5704519514926,0,,,,,,,,,3.58687888910551
"canonical","B2_sweep",2,800,44,"CATT","surface",,,,"wang",,,,,,,,0.4263638561085,0.338946919876182,1544,0.0971784091197963,0.762305699481865,1.0570392287234,0.690414507772021,0.887095479061145,
"canonical","B2_sweep",2,800,45,"GATT","g=4_t=4",4,4,0,"wang",3.616436892719,0.0831252846995075,3.45351432721822,3.47970793567988,3.75316584975813,3.77935945821979,0,,,,,,,,,3.78902322909259
"canonical","B2_sweep",2,800,45,"GATT","g=4_t=5",4,5,1,"wang",3.63279865665094,0.0868216425742323,3.46263136278458,3.48998973057615,3.77560758272574,3.80296595051731,0,,,,,,,,,3.78902322909259
"canonical","B2_sweep",2,800,45,"GATT","g=4_t=6",4,6,2,"wang",3.71193526347669,0.0848633366908514,3.54560617864274,3.5723474646674,3.85152306228598,3.87826434831064,0,,,,,,,,,3.78902322909259
"canonical","B2_sweep",2,800,45,"GATT","g=4_t=7",4,7,3,"wang",3.69582162994063,0.087624669165365,3.5240804328646,3.5516918423653,3.83995141751596,3.86756282701665,0,,,,,,,,,3.78902322909259
"canonical","B2_sweep",2,800,45,"CATT","surface",,,,"wang",,,,,,,,0.333032080937727,0.266174352889977,1528,0.070689685703592,0.863219895287958,1.07386596312164,0.806282722513089,0.901216922813112,
"canonical","B2_sweep",2,800,46,"GATT","g=4_t=4",4,4,0,"wang",3.66296705710037,0.0896071062048982,3.48734035479459,3.51557645003081,3.81035766416992,3.83859375940614,0,,,,,,,,,3.73016168412544
"canonical","B2_sweep",2,800,46,"GATT","g=4_t=5",4,5,1,"wang",3.61550608275461,0.0893240488991789,3.44043416257798,3.4685810636266,3.76243110188262,3.79057800293124,0,,,,,,,,,3.73016168412544
"canonical","B2_sweep",2,800,46,"GATT","g=4_t=6",4,6,2,"wang",3.72781788676997,0.0912460634434051,3.54897888727918,3.57773143433083,3.87790433920911,3.90665688626076,0,,,,,,,,,3.73016168412544
"canonical","B2_sweep",2,800,46,"GATT","g=4_t=7",4,7,3,"wang",3.61388783449157,0.0908881521546956,3.43575032824185,3.46439009386731,3.76338557511583,3.7920253407413,0,,,,,,,,,3.73016168412544
"canonical","B2_sweep",2,800,46,"CATT","surface",,,,"wang",,,,,,,,0.265367188034126,0.211297050751376,1532,0.0588765619045515,0.945822454308094,1.17267964943556,0.903394255874674,0.984144000651375,
"canonical","B2_sweep",2,800,47,"GATT","g=4_t=4",4,4,0,"wang",3.69305830415342,0.0835483506358613,3.52930654464776,3.55563346541662,3.83048314289022,3.85681006365909,0,,,,,,,,,3.80209164479485
"canonical","B2_sweep",2,800,47,"GATT","g=4_t=5",4,5,1,"wang",3.72548180255088,0.0876260652369082,3.55373786922489,3.58134971864169,3.86961388646007,3.89722573587688,0,,,,,,,,,3.80209164479485
"canonical","B2_sweep",2,800,47,"GATT","g=4_t=6",4,6,2,"wang",3.61504435797348,0.0843194383806364,3.44978129424721,3.47635119247533,3.75373752347162,3.78030742169974,0,,,,,,,,,3.80209164479485
"canonical","B2_sweep",2,800,47,"GATT","g=4_t=7",4,7,3,"wang",3.65036313132125,0.0806617589388831,3.49226898762436,3.51768631448359,3.78303994815891,3.80845727501814,0,,,,,,,,,3.80209164479485
"canonical","B2_sweep",2,800,47,"CATT","surface",,,,"wang",,,,,,,,0.309452047360114,0.248837448514696,1644,0.0640525685959733,0.874087591240876,1.06598836174872,0.821776155717762,0.89460582989067,
"canonical","B2_sweep",2,800,48,"GATT","g=4_t=4",4,4,0,"wang",3.85607902163537,0.082654749139871,3.69407868889219,3.72012402689366,3.99203401637709,4.01807935437855,0,,,,,,,,,3.80314558207032
"canonical","B2_sweep",2,800,48,"GATT","g=4_t=5",4,5,1,"wang",3.82103953195523,0.0854348339870813,3.65359033299457,3.68051170353224,3.96156736037821,3.98848873091588,0,,,,,,,,,3.80314558207032
"canonical","B2_sweep",2,800,48,"GATT","g=4_t=6",4,6,2,"wang",3.77044947527238,0.0834168135458309,3.60695552372784,3.63324099584427,3.90765795470049,3.93394342681692,0,,,,,,,,,3.80314558207032
"canonical","B2_sweep",2,800,48,"GATT","g=4_t=7",4,7,3,"wang",3.77708612656376,0.0852755634458129,3.60994909213025,3.63682027492766,3.91735197819986,3.94422316099727,0,,,,,,,,,3.80314558207032
"canonical","B2_sweep",2,800,48,"CATT","surface",,,,"wang",,,,,,,,0.272862274769076,0.225718442958294,1620,0.0642647642230303,0.937037037037037,1.0558284626639,0.878395061728395,0.886079371930589,
"canonical","B2_sweep",2,800,49,"GATT","g=4_t=4",4,4,0,"wang",3.62942350926751,0.0849882541685521,3.4628495906743,3.48963023944535,3.76921677908967,3.79599742786072,0,,,,,,,,,3.72554302937642
"canonical","B2_sweep",2,800,49,"GATT","g=4_t=5",4,5,1,"wang",3.68728174135592,0.083573878053129,3.5234799490314,3.54981491374472,3.82474856896713,3.85108353368045,0,,,,,,,,,3.72554302937642
"canonical","B2_sweep",2,800,49,"GATT","g=4_t=6",4,6,2,"wang",3.68940164448109,0.0873610770987908,3.51817707836624,3.54570542737084,3.83309786159135,3.86062621059595,0,,,,,,,,,3.72554302937642
"canonical","B2_sweep",2,800,49,"GATT","g=4_t=7",4,7,3,"wang",3.67079175262238,0.085936562323412,3.50235918418474,3.52943865433847,3.8121448509063,3.83922432106003,0,,,,,,,,,3.72554302937642
"canonical","B2_sweep",2,800,49,"CATT","surface",,,,"wang",,,,,,,,0.40679903261598,0.331761671793953,1504,0.0944603298520162,0.782579787234043,1.11040155022535,0.703457446808511,0.931878560776814,
"canonical","B2_sweep",2,800,50,"GATT","g=4_t=4",4,4,0,"wang",3.64982056540494,0.0844074713618363,3.48438496020471,3.51098259850554,3.78865853230434,3.81525617060517,0,,,,,,,,,3.759439808199
"canonical","B2_sweep",2,800,50,"GATT","g=4_t=5",4,5,1,"wang",3.50184643270911,0.0809088464532597,3.34326800637919,3.36876319298508,3.63492967243314,3.66042485903902,0,,,,,,,,,3.759439808199
"canonical","B2_sweep",2,800,50,"GATT","g=4_t=6",4,6,2,"wang",3.69047797742898,0.083263779237454,3.52728396761963,3.55352121709514,3.82743473776283,3.85367198723834,0,,,,,,,,,3.759439808199
"canonical","B2_sweep",2,800,50,"GATT","g=4_t=7",4,7,3,"wang",3.5877909106835,0.082429451308194,3.42623215357969,3.45220649798141,3.72337532338559,3.74934966778731,0,,,,,,,,,3.759439808199
"canonical","B2_sweep",2,800,50,"CATT","surface",,,,"wang",,,,,,,,0.396623868082392,0.328762493254195,1532,0.0880256109967654,0.763054830287206,1.00949565252231,0.66644908616188,0.847195643406679,
"canonical","B2_sweep",2,800,51,"GATT","g=4_t=4",4,4,0,"wang",3.76493425530502,0.0789787166748037,3.6101388138562,3.6350257972676,3.89484271334243,3.91972969675383,0,,,,,,,,,3.73383158694674
"canonical","B2_sweep",2,800,51,"GATT","g=4_t=5",4,5,1,"wang",3.66238467809653,0.0783548087075562,3.50881207380283,3.53350245757467,3.79126689861838,3.81595728239022,0,,,,,,,,,3.73383158694674
"canonical","B2_sweep",2,800,51,"GATT","g=4_t=6",4,6,2,"wang",3.73902658082478,0.0829804158148422,3.57638795312266,3.60253591195007,3.87551724969949,3.9016652085269,0,,,,,,,,,3.73383158694674
"canonical","B2_sweep",2,800,51,"GATT","g=4_t=7",4,7,3,"wang",3.80498408786392,0.0796031152864479,3.64896484761463,3.67404858527254,3.9359195904553,3.96100332811321,0,,,,,,,,,3.73383158694674
"canonical","B2_sweep",2,800,51,"CATT","surface",,,,"wang",,,,,,,,0.404470984791097,0.319957692522889,1604,0.0948922393057436,0.781795511221945,1.09003765608434,0.709476309226933,0.914788638342822,
"canonical","B2_sweep",2,800,52,"GATT","g=4_t=4",4,4,0,"wang",3.57896289194679,0.0839083467024976,3.41450555311037,3.4409459122398,3.71697987165378,3.7434202307832,0,,,,,,,,,3.67600739990298
"canonical","B2_sweep",2,800,52,"GATT","g=4_t=5",4,5,1,"wang",3.79520526810028,0.0770265709461592,3.64423596200236,3.66850780477321,3.92190273142736,3.9461745741982,0,,,,,,,,,3.67600739990298
"canonical","B2_sweep",2,800,52,"GATT","g=4_t=6",4,6,2,"wang",3.86679155272979,0.0796181775788636,3.71074279092961,3.73583127486648,3.99775183059309,4.02284031452997,0,,,,,,,,,3.67600739990298
"canonical","B2_sweep",2,800,52,"GATT","g=4_t=7",4,7,3,"wang",3.70799003949319,0.0810810356837226,3.54907412847038,3.57462357362468,3.8413565053617,3.866905950516,0,,,,,,,,,3.67600739990298
"canonical","B2_sweep",2,800,52,"CATT","surface",,,,"wang",,,,,,,,0.369417721679984,0.295863726973498,1556,0.0898619526121043,0.784704370179949,1.03304379892171,0.719151670951157,0.866957875160749,
"canonical","B2_sweep",2,800,53,"GATT","g=4_t=4",4,4,0,"wang",3.79650183261175,0.0840093379912882,3.63184655448499,3.65831873697943,3.93468492824407,3.96115711073851,0,,,,,,,,,3.8259345033183
"canonical","B2_sweep",2,800,53,"GATT","g=4_t=5",4,5,1,"wang",3.92374285848996,0.0873294870713911,3.75258020769157,3.78009860236264,4.06738711461729,4.09490550928836,0,,,,,,,,,3.8259345033183
"canonical","B2_sweep",2,800,53,"GATT","g=4_t=6",4,6,2,"wang",3.98119976650701,0.0905265394039107,3.80377100823077,3.83229682606233,4.13010270695169,4.15862852478326,0,,,,,,,,,3.8259345033183
"canonical","B2_sweep",2,800,53,"GATT","g=4_t=7",4,7,3,"wang",3.86802744079258,0.0836468455556665,3.70408263478991,3.73044059229296,4.0056142892922,4.03197224679525,0,,,,,,,,,3.8259345033183
"canonical","B2_sweep",2,800,53,"CATT","surface",,,,"wang",,,,,,,,0.33344378288742,0.269521777868737,1500,0.0743633421371676,0.848666666666667,1.00235741533304,0.768,0.841205044602967,
"canonical","B2_sweep",2,800,54,"GATT","g=4_t=4",4,4,0,"wang",3.64640463022779,0.0834744168830964,3.48279777821593,3.50910140171996,3.78370785873562,3.81001148223965,0,,,,,,,,,3.68353292211681
"canonical","B2_sweep",2,800,54,"GATT","g=4_t=5",4,5,1,"wang",3.57838510144975,0.0835185083637431,3.41469183172311,3.44100934889361,3.71576085400588,3.74207837117638,0,,,,,,,,,3.68353292211681
"canonical","B2_sweep",2,800,54,"GATT","g=4_t=6",4,6,2,"wang",3.66257375510116,0.084400600728269,3.49715161609538,3.52374708939086,3.80140042081145,3.82799589410694,0,,,,,,,,,3.68353292211681
"canonical","B2_sweep",2,800,54,"GATT","g=4_t=7",4,7,3,"wang",3.40315295968072,0.0849735903705508,3.23660778160369,3.26338380966535,3.54292210969608,3.56969813775774,0,,,,,,,,,3.68353292211681
"canonical","B2_sweep",2,800,54,"CATT","surface",,,,"wang",,,,,,,,0.342982764232474,0.283420494958836,1624,0.0788186042879493,0.889162561576355,1.17357789929902,0.814039408866995,0.984897835865144,
"canonical","B2_sweep",2,800,55,"GATT","g=4_t=4",4,4,0,"wang",3.9425794951928,0.0761518389437651,3.79332463232922,3.81732083829879,4.06783815208681,4.09183435805638,0,,,,,,,,,3.81794315180695
"canonical","B2_sweep",2,800,55,"GATT","g=4_t=5",4,5,1,"wang",3.97320960492979,0.0761951545757605,3.82386984498687,3.84787970014523,4.09853950971435,4.12254936487272,0,,,,,,,,,3.81794315180695
"canonical","B2_sweep",2,800,55,"GATT","g=4_t=6",4,6,2,"wang",3.8973854438331,0.0805531512838196,3.73950416723026,3.7648872707313,4.02988361693489,4.05526672043594,0,,,,,,,,,3.81794315180695
"canonical","B2_sweep",2,800,55,"GATT","g=4_t=7",4,7,3,"wang",4.03987892963677,0.0832145072772922,3.87678149109554,3.90300321448369,4.17675464478985,4.202976368178,0,,,,,,,,,3.81794315180695
"canonical","B2_sweep",2,800,55,"CATT","surface",,,,"wang",,,,,,,,0.373889132617639,0.29736051410992,1628,0.0900014585083642,0.802211302211302,1.06772830435988,0.725429975429975,0.896066036080037,
"canonical","B2_sweep",2,800,56,"GATT","g=4_t=4",4,4,0,"wang",3.96705758795265,0.0823824164427903,3.80559101749177,3.83155054073706,4.10256463516824,4.12852415841353,0,,,,,,,,,3.80154824491195
"canonical","B2_sweep",2,800,56,"GATT","g=4_t=5",4,5,1,"wang",3.80301312376845,0.0749615289297938,3.65609122568109,3.67971235306216,3.92631389447473,3.9499350218558,0,,,,,,,,,3.80154824491195
"canonical","B2_sweep",2,800,56,"GATT","g=4_t=6",4,6,2,"wang",3.82669693406045,0.0846602149071522,3.66076596061017,3.68744324092956,3.96595062719134,3.99262790751073,0,,,,,,,,,3.80154824491195
"canonical","B2_sweep",2,800,56,"GATT","g=4_t=7",4,7,3,"wang",3.97386502696753,0.0855951764135209,3.80610156262338,3.83307345866304,4.11465659527201,4.14162849131168,0,,,,,,,,,3.80154824491195
"canonical","B2_sweep",2,800,56,"CATT","surface",,,,"wang",,,,,,,,0.370824961509251,0.297130432051557,1608,0.0863189011561807,0.830845771144279,1.07296063795985,0.756218905472637,0.900457149820511,
"canonical","B2_sweep",2,800,57,"GATT","g=4_t=4",4,4,0,"wang",3.75398611686463,0.0875435638079879,3.58240388336927,3.60998973576081,3.89798249796845,3.92556835035999,0,,,,,,,,,3.72234943789143
"canonical","B2_sweep",2,800,57,"GATT","g=4_t=5",4,5,1,"wang",3.75701632334336,0.0869459900355984,3.58660531292923,3.61400286384935,3.90002978283737,3.92742733375749,0,,,,,,,,,3.72234943789143
"canonical","B2_sweep",2,800,57,"GATT","g=4_t=6",4,6,2,"wang",3.76872417294077,0.0857137512818072,3.60072830612347,3.62773756628988,3.90971077959165,3.93672003975806,0,,,,,,,,,3.72234943789143
"canonical","B2_sweep",2,800,57,"GATT","g=4_t=7",4,7,3,"wang",3.69898385483423,0.0844106736548752,3.53354197325493,3.56014062063032,3.83782708903815,3.86442573641354,0,,,,,,,,,3.72234943789143
"canonical","B2_sweep",2,800,57,"CATT","surface",,,,"wang",,,,,,,,0.209397577567759,0.162186399453957,1628,0.0473095710559332,0.977272727272727,1.15816533359763,0.953931203931204,0.971963200155406,
"canonical","B2_sweep",2,800,58,"GATT","g=4_t=4",4,4,0,"wang",3.85348944393599,0.0789744899712258,3.69870228667402,3.72358793820886,3.98339094966312,4.00827660119795,0,,,,,,,,,3.77132300754597
"canonical","B2_sweep",2,800,58,"GATT","g=4_t=5",4,5,1,"wang",3.72578388305421,0.0807463804828964,3.56752388417743,3.59296787613139,3.85859988997702,3.88404388193099,0,,,,,,,,,3.77132300754597
"canonical","B2_sweep",2,800,58,"GATT","g=4_t=6",4,6,2,"wang",3.85571420874342,0.0819117055086936,3.69517021476778,3.72098141229062,3.99044700519621,4.01625820271906,0,,,,,,,,,3.77132300754597
"canonical","B2_sweep",2,800,58,"GATT","g=4_t=7",4,7,3,"wang",3.96278787295643,0.0834022801088878,3.79932240642509,3.8256032989102,4.09997244700265,4.12625333948776,0,,,,,,,,,3.77132300754597
"canonical","B2_sweep",2,800,58,"CATT","surface",,,,"wang",,,,,,,,0.449227615138852,0.394003132330439,1584,0.118117000615491,0.693813131313131,1.08998430520796,0.579545454545455,0.914743864866157,
"canonical","B2_sweep",2,800,59,"GATT","g=4_t=4",4,4,0,"wang",3.55687617878373,0.079198156635219,3.40165064291234,3.42660677404967,3.6871455835178,3.71210171465512,0,,,,,,,,,3.70699894232456
"canonical","B2_sweep",2,800,59,"GATT","g=4_t=5",4,5,1,"wang",3.52713145034938,0.0778876800562262,3.37447440139566,3.39901758825818,3.65524531244059,3.6797884993031,0,,,,,,,,,3.70699894232456
"canonical","B2_sweep",2,800,59,"GATT","g=4_t=6",4,6,2,"wang",3.66860163465606,0.0821054958375117,3.50767781861239,3.53355008140575,3.80365318790638,3.82952545069973,0,,,,,,,,,3.70699894232456
"canonical","B2_sweep",2,800,59,"GATT","g=4_t=7",4,7,3,"wang",3.5684417506517,0.082540920367835,3.40666451820388,3.43267398762099,3.70420951368242,3.73021898309952,0,,,,,,,,,3.70699894232456
"canonical","B2_sweep",2,800,59,"CATT","surface",,,,"wang",,,,,,,,0.390020350935418,0.318079422175191,1544,0.0858243053428664,0.824481865284974,1.10411831854829,0.746761658031088,0.926605505375317,
"canonical","B2_sweep",2,800,60,"GATT","g=4_t=4",4,4,0,"wang",3.67154384916539,0.0769736383124876,3.52067828912389,3.54493345229254,3.79815424603824,3.82240940920689,0,,,,,,,,,3.7797419655526
"canonical","B2_sweep",2,800,60,"GATT","g=4_t=5",4,5,1,"wang",3.69087786500989,0.0780829398038585,3.53783811398016,3.56244282914176,3.81931290087803,3.84391761603962,0,,,,,,,,,3.7797419655526
"canonical","B2_sweep",2,800,60,"GATT","g=4_t=6",4,6,2,"wang",3.58194515666208,0.0795590754785364,3.42601223285086,3.4510820931249,3.71280822019925,3.73787808047329,0,,,,,,,,,3.7797419655526
"canonical","B2_sweep",2,800,60,"GATT","g=4_t=7",4,7,3,"wang",3.76483197294301,0.0808399719807911,3.60638853809965,3.63186202167052,3.8978019242155,3.92327540778637,0,,,,,,,,,3.7797419655526
"canonical","B2_sweep",2,800,60,"CATT","surface",,,,"wang",,,,,,,,0.434627844034756,0.364164366857956,1660,0.0998263137554043,0.771084337349398,1.14942260206604,0.67289156626506,0.964626066957726,
"canonical","B2_sweep",2,800,61,"GATT","g=4_t=4",4,4,0,"wang",3.67253473260953,0.0896442379913683,3.49683525333901,3.52508304917247,3.81998641604658,3.84823421188004,0,,,,,,,,,3.7551845447827
"canonical","B2_sweep",2,800,61,"GATT","g=4_t=5",4,5,1,"wang",3.6017950412321,0.0885131991851196,3.42831235730444,3.45620375149966,3.74738633096454,3.77527772515977,0,,,,,,,,,3.7551845447827
"canonical","B2_sweep",2,800,61,"GATT","g=4_t=6",4,6,2,"wang",3.72648827231174,0.0805531615362705,3.56860697561446,3.59399008234616,3.85898646227732,3.88436956900901,0,,,,,,,,,3.7551845447827
"canonical","B2_sweep",2,800,61,"GATT","g=4_t=7",4,7,3,"wang",3.66459829009586,0.0861406254769406,3.49576576522358,3.52290953771761,3.80628704247411,3.83343081496815,0,,,,,,,,,3.7551845447827
"canonical","B2_sweep",2,800,61,"CATT","surface",,,,"wang",,,,,,,,0.368293554641153,0.298831893191899,1592,0.0839119383688847,0.788316582914573,0.973815301079006,0.712939698492462,0.817251741991693,
"canonical","B2_sweep",2,800,62,"GATT","g=4_t=4",4,4,0,"wang",3.94667578370874,0.0806835751528315,3.7885388810179,3.8139630823843,4.07938848503318,4.10481268639959,0,,,,,,,,,3.73511943206933
"canonical","B2_sweep",2,800,62,"GATT","g=4_t=5",4,5,1,"wang",3.70089093327215,0.0800324840145573,3.54403014577304,3.56924918181087,3.83253268473343,3.85775172077126,0,,,,,,,,,3.73511943206933
"canonical","B2_sweep",2,800,62,"GATT","g=4_t=6",4,6,2,"wang",3.86155619264711,0.0830178834173826,3.69884412979284,3.72500389503649,3.99810849025772,4.02426825550137,0,,,,,,,,,3.73511943206933
"canonical","B2_sweep",2,800,62,"GATT","g=4_t=7",4,7,3,"wang",3.84845711076742,0.0855684764856455,3.6807459773207,3.7077094599461,3.98920476158874,4.01616824421413,0,,,,,,,,,3.73511943206933
"canonical","B2_sweep",2,800,62,"CATT","surface",,,,"wang",,,,,,,,0.41182457569818,0.339424691303223,1532,0.107184463923574,0.763054830287206,1.06860741893982,0.693211488250653,0.896803812454129,
"canonical","B2_sweep",2,800,63,"GATT","g=4_t=4",4,4,0,"wang",3.83964805374207,0.0757581573874711,3.6911647925563,3.71503694553066,3.96425916195349,3.98813131492785,0,,,,,,,,,3.75448923188461
"canonical","B2_sweep",2,800,63,"GATT","g=4_t=5",4,5,1,"wang",3.82747452769186,0.0783966745834445,3.67381986778859,3.69852344391658,3.95642561146714,3.98112918759512,0,,,,,,,,,3.75448923188461
"canonical","B2_sweep",2,800,63,"GATT","g=4_t=6",4,6,2,"wang",3.90242421060179,0.0802353779648803,3.74516575826423,3.77044872821474,4.03439969298883,4.05968266293934,0,,,,,,,,,3.75448923188461
"canonical","B2_sweep",2,800,63,"GATT","g=4_t=7",4,7,3,"wang",3.86821855480684,0.0844416348758627,3.70271599034901,3.72932439391474,4.00711271569894,4.03372111926468,0,,,,,,,,,3.75448923188461
"canonical","B2_sweep",2,800,63,"CATT","surface",,,,"wang",,,,,,,,0.355051431520694,0.292914687736292,1656,0.0877304163772767,0.826690821256039,1.05165033027276,0.73792270531401,0.882572971927272,
"canonical","B2_sweep",2,800,64,"GATT","g=4_t=4",4,4,0,"wang",3.83765001511233,0.0805321856204076,3.67980983045502,3.70518632746586,3.9701137027588,3.99549019976965,0,,,,,,,,,3.77420441335842
"canonical","B2_sweep",2,800,64,"GATT","g=4_t=5",4,5,1,"wang",3.90941041360384,0.0790540954772679,3.75446723241583,3.77937796844167,4.03944285876601,4.06435359479185,0,,,,,,,,,3.77420441335842
"canonical","B2_sweep",2,800,64,"GATT","g=4_t=6",4,6,2,"wang",3.81735811480709,0.0794107676944445,3.66171586891362,3.68673899592182,3.94797723369237,3.97300036070057,0,,,,,,,,,3.77420441335842
"canonical","B2_sweep",2,800,64,"GATT","g=4_t=7",4,7,3,"wang",3.86645006780561,0.0768823633970247,3.71576340331252,3.73998980484256,3.99291033076866,4.01713673229869,0,,,,,,,,,3.77420441335842
"canonical","B2_sweep",2,800,64,"CATT","surface",,,,"wang",,,,,,,,0.476206084309765,0.386867469339777,1596,0.117863568989283,0.667919799498747,1.03568999709712,0.600250626566416,0.869178635161249,
"canonical","B2_sweep",2,800,65,"GATT","g=4_t=4",4,4,0,"wang",3.85425847121012,0.0805492574146048,3.69638482645076,3.72176670295468,3.98675023946556,4.01213211596948,0,,,,,,,,,3.73338619394131
"canonical","B2_sweep",2,800,65,"GATT","g=4_t=5",4,5,1,"wang",3.7635098360753,0.082153828195052,3.60249129035081,3.62837878315336,3.89864088899725,3.92452838179979,0,,,,,,,,,3.73338619394131
"canonical","B2_sweep",2,800,65,"GATT","g=4_t=6",4,6,2,"wang",3.69976484217662,0.0785421290646975,3.54582509672646,3.57057450701603,3.8289551773372,3.85370458762678,0,,,,,,,,,3.73338619394131
"canonical","B2_sweep",2,800,65,"GATT","g=4_t=7",4,7,3,"wang",3.72485471450829,0.081454020124976,3.56520776740807,3.59087474368965,3.85883468532694,3.88450166160852,0,,,,,,,,,3.73338619394131
"canonical","B2_sweep",2,800,65,"CATT","surface",,,,"wang",,,,,,,,0.425340277956107,0.349556524858441,1544,0.101344795742485,0.711787564766839,1.05899533196492,0.623704663212435,0.888737093009785,
"canonical","B2_sweep",2,800,66,"GATT","g=4_t=4",4,4,0,"wang",3.76147634095565,0.0815111179601391,3.60171748415402,3.62740245253444,3.89555022937685,3.92123519775727,0,,,,,,,,,3.75436260332794
"canonical","B2_sweep",2,800,66,"GATT","g=4_t=5",4,5,1,"wang",3.73801030078379,0.080305990861478,3.58061344971097,3.60591867049133,3.87010193107626,3.89540715185662,0,,,,,,,,,3.75436260332794
"canonical","B2_sweep",2,800,66,"GATT","g=4_t=6",4,6,2,"wang",3.76957018491456,0.0848051636895174,3.603355117069,3.63007807219921,3.90906229762992,3.93578525276013,0,,,,,,,,,3.75436260332794
"canonical","B2_sweep",2,800,66,"GATT","g=4_t=7",4,7,3,"wang",3.5586421768838,0.0814001071206188,3.39910089733125,3.42475088508603,3.69253346868158,3.71818345643636,0,,,,,,,,,3.75436260332794
"canonical","B2_sweep",2,800,66,"CATT","surface",,,,"wang",,,,,,,,0.257881781638356,0.209092216819259,1588,0.058091012699471,0.957178841309824,1.13205534261249,0.905541561712846,0.950051000180374,
"canonical","B2_sweep",2,800,67,"GATT","g=4_t=4",4,4,0,"wang",3.74359886565968,0.0805610791688109,3.58570205068766,3.61108765234454,3.87611007897482,3.9014956806317,0,,,,,,,,,3.71137452963849
"canonical","B2_sweep",2,800,67,"GATT","g=4_t=5",4,5,1,"wang",3.85925456769327,0.0782781751596905,3.70583216239458,3.73049839816916,3.98801073721739,4.01267697299196,0,,,,,,,,,3.71137452963849
"canonical","B2_sweep",2,800,67,"GATT","g=4_t=6",4,6,2,"wang",3.7305879625249,0.079611072894985,3.57455312564935,3.59963937082929,3.86153655422051,3.88662279940044,0,,,,,,,,,3.71137452963849
"canonical","B2_sweep",2,800,67,"GATT","g=4_t=7",4,7,3,"wang",3.78991328287423,0.0810169920001486,3.63112289516565,3.65665215951482,3.92317440623364,3.94870367058281,0,,,,,,,,,3.71137452963849
"canonical","B2_sweep",2,800,67,"CATT","surface",,,,"wang",,,,,,,,0.42185981809434,0.351105640582046,1628,0.103992403527728,0.748157248157248,1.05686056058029,0.650491400491401,0.886945535995937,
"canonical","B2_sweep",2,800,68,"GATT","g=4_t=4",4,4,0,"wang",3.67602217654808,0.0825808124310218,3.51416675709252,3.54018879689766,3.81185555619849,3.83787759600363,0,,,,,,,,,3.69098437574802
"canonical","B2_sweep",2,800,68,"GATT","g=4_t=5",4,5,1,"wang",3.75393910413937,0.087844286379275,3.5817674652303,3.60944807831127,3.89843012996746,3.92611074304844,0,,,,,,,,,3.69098437574802
"canonical","B2_sweep",2,800,68,"GATT","g=4_t=6",4,6,2,"wang",3.73421485473182,0.0895171978012565,3.55876436966048,3.58697213385963,3.88145757560401,3.90966533980316,0,,,,,,,,,3.69098437574802
"canonical","B2_sweep",2,800,68,"GATT","g=4_t=7",4,7,3,"wang",3.8368449111992,0.0845092774690602,3.67120976969383,3.69783948811711,3.97585033428129,4.00248005270457,0,,,,,,,,,3.69098437574802
"canonical","B2_sweep",2,800,68,"CATT","surface",,,,"wang",,,,,,,,0.367091196680687,0.309615835484759,1536,0.0911331865082249,0.783854166666667,0.98503070132588,0.6875,0.826664004644309,
"canonical","B2_sweep",2,800,69,"GATT","g=4_t=4",4,4,0,"wang",3.57835647964528,0.0840647042340478,3.4135926856759,3.44008231462709,3.71663064466347,3.74312027361466,0,,,,,,,,,3.75344131085968
"canonical","B2_sweep",2,800,69,"GATT","g=4_t=5",4,5,1,"wang",3.8392245275168,0.0812569228062751,3.67996388406572,3.7055687530112,3.97288030202239,3.99848517096788,0,,,,,,,,,3.75344131085968
"canonical","B2_sweep",2,800,69,"GATT","g=4_t=6",4,6,2,"wang",3.69399583904201,0.0819113330683777,3.53345257503598,3.55926365519916,3.82872802288487,3.85453910304804,0,,,,,,,,,3.75344131085968
"canonical","B2_sweep",2,800,69,"GATT","g=4_t=7",4,7,3,"wang",3.59333497776531,0.0786344149302628,3.43921435534093,3.46399284582961,3.72267710970101,3.74745560018969,0,,,,,,,,,3.75344131085968
"canonical","B2_sweep",2,800,69,"CATT","surface",,,,"wang",,,,,,,,0.300801357889144,0.244460177999632,1620,0.0682147997240723,0.881481481481482,1.00908795401745,0.809259259259259,0.846853491960777,
"canonical","B2_sweep",2,800,70,"GATT","g=4_t=4",4,4,0,"wang",3.99164427433973,0.078794078090605,3.83721071786895,3.86203951981608,4.12124902886337,4.1460778308105,0,,,,,,,,,3.81344023783585
"canonical","B2_sweep",2,800,70,"GATT","g=4_t=5",4,5,1,"wang",3.78641993486953,0.0762044814801423,3.63706189452978,3.66107468868899,3.91176518105007,3.93577797520928,0,,,,,,,,,3.81344023783585
"canonical","B2_sweep",2,800,70,"GATT","g=4_t=6",4,6,2,"wang",3.89204617283273,0.0790953150214605,3.73702220282201,3.76194592753842,4.02214641812704,4.04707014284345,0,,,,,,,,,3.81344023783585
"canonical","B2_sweep",2,800,70,"GATT","g=4_t=7",4,7,3,"wang",3.95103040336071,0.0789551182437288,3.79628121398725,3.82116076129704,4.08090004542438,4.10577959273416,0,,,,,,,,,3.81344023783585
"canonical","B2_sweep",2,800,70,"CATT","surface",,,,"wang",,,,,,,,0.491001791764254,0.39483973657537,1632,0.121400421124497,0.655637254901961,1.01647124231588,0.57046568627451,0.853049744183184,
"canonical","B2_sweep",2,800,71,"GATT","g=4_t=4",4,4,0,"wang",3.80166256062537,0.0751734749591341,3.65432525595057,3.67801316964494,3.9253119516058,3.94899986530018,0,,,,,,,,,3.71665699208258
"canonical","B2_sweep",2,800,71,"GATT","g=4_t=5",4,5,1,"wang",3.69258061777072,0.081003331761687,3.53381700363776,3.55934196350918,3.82581927203226,3.85134423190368,0,,,,,,,,,3.71665699208258
"canonical","B2_sweep",2,800,71,"GATT","g=4_t=6",4,6,2,"wang",3.77623872275788,0.081303630992293,3.6168865329437,3.64250612010568,3.90997132541007,3.93559091257206,0,,,,,,,,,3.71665699208258
"canonical","B2_sweep",2,800,71,"GATT","g=4_t=7",4,7,3,"wang",3.65056480906702,0.0833876689444293,3.48712797989202,3.5134042682531,3.78772534988094,3.81400163824202,0,,,,,,,,,3.71665699208258
"canonical","B2_sweep",2,800,71,"CATT","surface",,,,"wang",,,,,,,,0.468243480072657,0.383487334063822,1612,0.114260375841099,0.668114143920596,1.06916081051291,0.58560794044665,0.897268233403981,
"canonical","B2_sweep",2,800,72,"GATT","g=4_t=4",4,4,0,"wang",3.61041332990935,0.0791384425139298,3.45530483156598,3.48024214618654,3.74058451363216,3.76552182825272,0,,,,,,,,,3.7611481953978
"canonical","B2_sweep",2,800,72,"GATT","g=4_t=5",4,5,1,"wang",3.5542886012328,0.0819526728880626,3.39366431266842,3.41948841942217,3.68908878304342,3.71491288979717,0,,,,,,,,,3.7611481953978
"canonical","B2_sweep",2,800,72,"GATT","g=4_t=6",4,6,2,"wang",3.67887650883614,0.0811825369217921,3.51976165904076,3.54534308825018,3.8124099294221,3.83799135863152,0,,,,,,,,,3.7611481953978
"canonical","B2_sweep",2,800,72,"GATT","g=4_t=7",4,7,3,"wang",3.75455361945706,0.0865026509188093,3.58501153775163,3.61226938808266,3.89683785083147,3.9240957011625,0,,,,,,,,,3.7611481953978
"canonical","B2_sweep",2,800,72,"CATT","surface",,,,"wang",,,,,,,,0.368269777551906,0.282592020206681,1516,0.0725029891593109,0.825857519788918,1.11765637988557,0.766490765171504,0.937967007088042,
"canonical","B2_sweep",2,800,73,"GATT","g=4_t=4",4,4,0,"wang",3.55700131347039,0.0797769256671216,3.40064141113215,3.42577991817912,3.68822270876165,3.71336121580862,0,,,,,,,,,3.69211245886355
"canonical","B2_sweep",2,800,73,"GATT","g=4_t=5",4,5,1,"wang",3.60578873289064,0.076962144907497,3.45494569950916,3.47919724099096,3.73238022479031,3.75663176627212,0,,,,,,,,,3.69211245886355
"canonical","B2_sweep",2,800,73,"GATT","g=4_t=6",4,6,2,"wang",3.74034207911749,0.0777599157077909,3.58793544368719,3.61243837072587,3.86824578750911,3.8927487145478,0,,,,,,,,,3.69211245886355
"canonical","B2_sweep",2,800,73,"GATT","g=4_t=7",4,7,3,"wang",3.71710642326615,0.0779542109572843,3.56431897614146,3.58888312755621,3.84532971897608,3.86989387039083,0,,,,,,,,,3.69211245886355
"canonical","B2_sweep",2,800,73,"CATT","surface",,,,"wang",,,,,,,,0.406860188413583,0.338913350010161,1664,0.0987624849697573,0.747596153846154,1.07465163165327,0.649639423076923,0.901876276774166,
"canonical","B2_sweep",2,800,74,"GATT","g=4_t=4",4,4,0,"wang",3.80348039905223,0.083420064607029,3.63998007554478,3.6662665721031,3.94069422600136,3.96698072255968,0,,,,,,,,,3.80703473288951
"canonical","B2_sweep",2,800,74,"GATT","g=4_t=5",4,5,1,"wang",3.76656286690651,0.0882562281911717,3.59358383687603,3.62139425694135,3.91173147687168,3.939541896937,0,,,,,,,,,3.80703473288951
"canonical","B2_sweep",2,800,74,"GATT","g=4_t=6",4,6,2,"wang",3.59646601961148,0.086462236720708,3.42700314827941,3.45424826369247,3.73868377553048,3.76592889094354,0,,,,,,,,,3.80703473288951
"canonical","B2_sweep",2,800,74,"GATT","g=4_t=7",4,7,3,"wang",3.81466689795138,0.0822749129406676,3.65341103048454,3.67933667830127,3.94999711760149,3.97592276541823,0,,,,,,,,,3.80703473288951
"canonical","B2_sweep",2,800,74,"CATT","surface",,,,"wang",,,,,,,,0.365222543941564,0.300490917473602,1664,0.0808587397601774,0.821514423076923,1.06496373195191,0.745192307692308,0.893745933270213,
"canonical","B2_sweep",2,800,75,"GATT","g=4_t=4",4,4,0,"wang",3.6136348045389,0.079973694140177,3.45688924307714,3.48208975383766,3.74517985524015,3.77038036600066,0,,,,,,,,,3.7773157045097
"canonical","B2_sweep",2,800,75,"GATT","g=4_t=5",4,5,1,"wang",3.60970485781153,0.0817209604990526,3.44953471718796,3.47528580905082,3.74412390657224,3.76987499843509,0,,,,,,,,,3.7773157045097
"canonical","B2_sweep",2,800,75,"GATT","g=4_t=6",4,6,2,"wang",3.69657030182859,0.0832672149829505,3.53336955808175,3.55960789019503,3.83353271346216,3.85977104557544,0,,,,,,,,,3.7773157045097
"canonical","B2_sweep",2,800,75,"GATT","g=4_t=7",4,7,3,"wang",3.68636409519004,0.0811449871505536,3.52732284159449,3.5528924384955,3.81983575188458,3.84540534878559,0,,,,,,,,,3.7773157045097
"canonical","B2_sweep",2,800,75,"CATT","surface",,,,"wang",,,,,,,,0.3656545416443,0.30236588248746,1532,0.0829379186281307,0.817232375979112,1.069323664871,0.731070496083551,0.897404905119547,
"canonical","B2_sweep",2,800,76,"GATT","g=4_t=4",4,4,0,"wang",3.85665598595762,0.0779630630066144,3.70385118913492,3.72841812991894,3.9848938419963,4.00946078278032,0,,,,,,,,,3.77602008314984
"canonical","B2_sweep",2,800,76,"GATT","g=4_t=5",4,5,1,"wang",3.66163403847776,0.0753724188628833,3.51390681091359,3.53765741382147,3.78561066313405,3.80936126604193,0,,,,,,,,,3.77602008314984
"canonical","B2_sweep",2,800,76,"GATT","g=4_t=6",4,6,2,"wang",3.7477281670912,0.0788635160116413,3.59315851479496,3.61800919732539,3.87744713685701,3.90229781938744,0,,,,,,,,,3.77602008314984
"canonical","B2_sweep",2,800,76,"GATT","g=4_t=7",4,7,3,"wang",3.75560565722652,0.0795261514947178,3.59973726323832,3.62479674883582,3.88641456561721,3.91147405121471,0,,,,,,,,,3.77602008314984
"canonical","B2_sweep",2,800,76,"CATT","surface",,,,"wang",,,,,,,,0.409310847137343,0.354771190558546,1656,0.0993027698899196,0.751811594202899,1.07224539572341,0.666062801932367,0.899856899482453,
"canonical","B2_sweep",2,800,77,"GATT","g=4_t=4",4,4,0,"wang",3.71086726631152,0.0769727069115071,3.56000353178241,3.5842584014573,3.83747613116574,3.86173100084062,0,,,,,,,,,3.7077589051248
"canonical","B2_sweep",2,800,77,"GATT","g=4_t=5",4,5,1,"wang",3.74608699735749,0.0801841887641573,3.58892887401054,3.61419571373201,3.87797828098297,3.90324512070444,0,,,,,,,,,3.7077589051248
"canonical","B2_sweep",2,800,77,"GATT","g=4_t=6",4,6,2,"wang",3.73868818540388,0.082631461297212,3.57673349599395,3.60277149576331,3.87460487504444,3.90064287481381,0,,,,,,,,,3.7077589051248
"canonical","B2_sweep",2,800,77,"GATT","g=4_t=7",4,7,3,"wang",3.67799085542041,0.0756514574047261,3.52971672235961,3.55355525310241,3.8024264577384,3.8262649884812,0,,,,,,,,,3.7077589051248
"canonical","B2_sweep",2,800,77,"CATT","surface",,,,"wang",,,,,,,,0.373078898390523,0.311714182160821,1648,0.0930593492376877,0.774271844660194,0.966561769465309,0.668689320388349,0.81116438503569,
"canonical","B2_sweep",2,800,78,"GATT","g=4_t=4",4,4,0,"wang",3.79837017705119,0.0823901974516511,3.63688835609306,3.66285033121205,3.93389002289032,3.95985199800931,0,,,,,,,,,3.76176743235523
"canonical","B2_sweep",2,800,78,"GATT","g=4_t=5",4,5,1,"wang",3.76489047408317,0.0855609862767416,3.59719402117626,3.62415514356192,3.90562580460441,3.93258692699008,0,,,,,,,,,3.76176743235523
"canonical","B2_sweep",2,800,78,"GATT","g=4_t=6",4,6,2,"wang",3.76871255144097,0.0840501733630521,3.60397723745563,3.63046228758406,3.90696281529788,3.93344786542631,0,,,,,,,,,3.76176743235523
"canonical","B2_sweep",2,800,78,"GATT","g=4_t=7",4,7,3,"wang",3.82021739512223,0.0850166087771742,3.65358790251689,3.68037748610866,3.9600573041358,3.98684688772758,0,,,,,,,,,3.76176743235523
"canonical","B2_sweep",2,800,78,"CATT","surface",,,,"wang",,,,,,,,0.463471971254437,0.413947952938429,1552,0.11898921604095,0.736469072164949,1.10215764365544,0.597938144329897,0.924960054775096,
"canonical","B2_sweep",2,800,79,"GATT","g=4_t=4",4,4,0,"wang",3.77615497478257,0.0866715921292241,3.60628177438661,3.63359285978244,3.91871708978269,3.94602817517853,0,,,,,,,,,3.69890740384886
"canonical","B2_sweep",2,800,79,"GATT","g=4_t=5",4,5,1,"wang",3.78587736436041,0.084537140492838,3.6201876123315,3.6468261106722,3.92492861804862,3.95156711638931,0,,,,,,,,,3.69890740384886
"canonical","B2_sweep",2,800,79,"GATT","g=4_t=6",4,6,2,"wang",3.76258111710446,0.0848320014169233,3.59631344827934,3.62304486024583,3.90211737396309,3.92884878592958,0,,,,,,,,,3.69890740384886
"canonical","B2_sweep",2,800,79,"GATT","g=4_t=7",4,7,3,"wang",3.77592673212076,0.0843064086015861,3.61068920629236,3.6372549987068,3.91459846553471,3.94116425794916,0,,,,,,,,,3.69890740384886
"canonical","B2_sweep",2,800,79,"CATT","surface",,,,"wang",,,,,,,,0.308929057711319,0.241820545209771,1584,0.0722368690863403,0.879419191919192,1.05394264923545,0.820075757575758,0.884496747065517,
"canonical","B2_sweep",2,800,80,"GATT","g=4_t=4",4,4,0,"wang",3.92712669254897,0.0802301720940191,3.76987844353089,3.79515977305943,4.0590936120385,4.08437494156705,0,,,,,,,,,3.75296325806127
"canonical","B2_sweep",2,800,80,"GATT","g=4_t=5",4,5,1,"wang",4.02327365501544,0.0814615924528152,3.86361186642525,3.88928122882306,4.15726608120782,4.18293544360563,0,,,,,,,,,3.75296325806127
"canonical","B2_sweep",2,800,80,"GATT","g=4_t=6",4,6,2,"wang",3.98409930484015,0.0846854856399292,3.81811880166337,3.84480404504337,4.12339456463693,4.15007980801693,0,,,,,,,,,3.75296325806127
"canonical","B2_sweep",2,800,80,"GATT","g=4_t=7",4,7,3,"wang",4.02600061786488,0.0836396755936552,3.86206986472964,3.88842556290595,4.16357567282381,4.18993137100012,0,,,,,,,,,3.75296325806127
"canonical","B2_sweep",2,800,80,"CATT","surface",,,,"wang",,,,,,,,0.424812132628785,0.337719402226526,1632,0.110462838052403,0.719362745098039,1.09491328480283,0.657475490196078,0.918880395844555,
"canonical","B2_sweep",2,800,81,"GATT","g=4_t=4",4,4,0,"wang",3.69536027611285,0.0828646698413389,3.53294850635194,3.55905999246565,3.83166055976006,3.85777204587376,0,,,,,,,,,3.70176833447915
"canonical","B2_sweep",2,800,81,"GATT","g=4_t=5",4,5,1,"wang",3.71827047615807,0.0789132190619116,3.56360340767261,3.58846975213121,3.84807120018493,3.87293754464353,0,,,,,,,,,3.70176833447915
"canonical","B2_sweep",2,800,81,"GATT","g=4_t=6",4,6,2,"wang",3.64393476069118,0.0787332590061881,3.48962040743637,3.51443004468181,3.77343947670054,3.79824911394598,0,,,,,,,,,3.70176833447915
"canonical","B2_sweep",2,800,81,"GATT","g=4_t=7",4,7,3,"wang",3.65847730875652,0.0864735274038577,3.48899230809194,3.51624098131217,3.80071363620086,3.82796230942109,0,,,,,,,,,3.70176833447915
"canonical","B2_sweep",2,800,81,"CATT","surface",,,,"wang",,,,,,,,0.377039950157401,0.310901378016387,1612,0.0924393994791129,0.794044665012407,1.04015479078422,0.720223325062035,0.872925608960467,
"canonical","B2_sweep",2,800,82,"GATT","g=4_t=4",4,4,0,"wang",3.74281236447852,0.0817528720018373,3.58257967845831,3.60834082595481,3.87728390300223,3.90304505049873,0,,,,,,,,,3.82310511260229
"canonical","B2_sweep",2,800,82,"GATT","g=4_t=5",4,5,1,"wang",3.70934978800675,0.0891962354616364,3.53452837756642,3.56263500332274,3.85606457269076,3.88417119844708,0,,,,,,,,,3.82310511260229
"canonical","B2_sweep",2,800,82,"GATT","g=4_t=6",4,6,2,"wang",3.64582741972429,0.0830674085309479,3.48301828943034,3.50919366053252,3.78246117891605,3.80863655001824,0,,,,,,,,,3.82310511260229
"canonical","B2_sweep",2,800,82,"GATT","g=4_t=7",4,7,3,"wang",3.85239675025764,0.0849151353308397,3.68596614195407,3.71272375024817,3.99206975026711,4.01882735856121,0,,,,,,,,,3.82310511260229
"canonical","B2_sweep",2,800,82,"CATT","surface",,,,"wang",,,,,,,,0.355932179923292,0.297168766572347,1580,0.0810131292501262,0.856962025316456,1.05644075021864,0.757594936708861,0.886593219957169,
"canonical","B2_sweep",2,800,83,"GATT","g=4_t=4",4,4,0,"wang",3.66290470725369,0.0867555747122146,3.49286690401844,3.520204453166,3.80560496134137,3.83294251048894,0,,,,,,,,,3.76998617760145
"canonical","B2_sweep",2,800,83,"GATT","g=4_t=5",4,5,1,"wang",3.70833764755618,0.0846326119211829,3.54246077496469,3.56912935730718,3.84754593780519,3.87421452014767,0,,,,,,,,,3.76998617760145
"canonical","B2_sweep",2,800,83,"GATT","g=4_t=6",4,6,2,"wang",3.62550809553406,0.0838622236507283,3.46114115621868,3.48756698151326,3.76344920955485,3.78987503484943,0,,,,,,,,,3.76998617760145
"canonical","B2_sweep",2,800,83,"GATT","g=4_t=7",4,7,3,"wang",3.71741978909126,0.0828334035670264,3.55506930010242,3.58117093390043,3.8536686442821,3.87977027808011,0,,,,,,,,,3.76998617760145
"canonical","B2_sweep",2,800,83,"CATT","surface",,,,"wang",,,,,,,,0.320308982894714,0.26387841034611,1576,0.0721264328856819,0.901015228426396,1.08255300706287,0.82994923857868,0.90850732150151,
"canonical","B2_sweep",2,800,84,"GATT","g=4_t=4",4,4,0,"wang",3.83403072102853,0.0808296703531335,3.67560747700452,3.7010777144295,3.96698372762757,3.99245396505254,0,,,,,,,,,3.844153781135
"canonical","B2_sweep",2,800,84,"GATT","g=4_t=5",4,5,1,"wang",3.94556586347464,0.0827743513448406,3.7833311147154,3.80941414056768,4.08171758638161,4.10780061223388,0,,,,,,,,,3.844153781135
"canonical","B2_sweep",2,800,84,"GATT","g=4_t=6",4,6,2,"wang",3.89998549276097,0.0838089740199258,3.73572292080498,3.7621319666084,4.03783901891354,4.06424806471696,0,,,,,,,,,3.844153781135
"canonical","B2_sweep",2,800,84,"GATT","g=4_t=7",4,7,3,"wang",3.91113447399672,0.0802469227076588,3.75385339437892,3.77914000219333,4.0431289458001,4.06841555361451,0,,,,,,,,,3.844153781135
"canonical","B2_sweep",2,800,84,"CATT","surface",,,,"wang",,,,,,,,0.373841672838309,0.316393029775191,1576,0.0916120163380826,0.793147208121827,1.00209507238764,0.70241116751269,0.840984879414671,
"canonical","B2_sweep",2,800,85,"GATT","g=4_t=4",4,4,0,"wang",4.0115572955632,0.0819849522442014,3.85086974062284,3.87670401892451,4.14641057220188,4.17224485050355,0,,,,,,,,,3.79173921608739
"canonical","B2_sweep",2,800,85,"GATT","g=4_t=5",4,5,1,"wang",3.91661662684474,0.0829965757310427,3.75394632628863,3.78009937726723,4.05313387642225,4.07928692740086,0,,,,,,,,,3.79173921608739
"canonical","B2_sweep",2,800,85,"GATT","g=4_t=6",4,6,2,"wang",3.87558735033737,0.0798519668100683,3.71908037006045,3.74424252332197,4.00693217735278,4.0320943306143,0,,,,,,,,,3.79173921608739
"canonical","B2_sweep",2,800,85,"GATT","g=4_t=7",4,7,3,"wang",3.9593190555486,0.0855279138851724,3.79168742333856,3.81863812428292,4.09999998681428,4.12695068775864,0,,,,,,,,,3.79173921608739
"canonical","B2_sweep",2,800,85,"CATT","surface",,,,"wang",,,,,,,,0.35211967671598,0.298960860562122,1596,0.0897229855145709,0.869047619047619,1.14520465025221,0.782581453634085,0.961086249434143,
"canonical","B2_sweep",2,800,86,"GATT","g=4_t=4",4,4,0,"wang",3.73845751690617,0.0915469472646246,3.55902879595761,3.58787615451017,3.88903887930218,3.91788623785474,0,,,,,,,,,3.7366017261176
"canonical","B2_sweep",2,800,86,"GATT","g=4_t=5",4,5,1,"wang",3.70550966368738,0.0873146160359444,3.53437615958311,3.5618898682422,3.84912945913257,3.87664316779166,0,,,,,,,,,3.7366017261176
"canonical","B2_sweep",2,800,86,"GATT","g=4_t=6",4,6,2,"wang",3.75249034618337,0.0836080560870235,3.58862156614283,3.61496730069641,3.89001339167034,3.91635912622392,0,,,,,,,,,3.7366017261176
"canonical","B2_sweep",2,800,86,"GATT","g=4_t=7",4,7,3,"wang",3.6085103919675,0.0858575042206724,3.44023277456513,3.46728733272011,3.74973345121489,3.77678800936986,0,,,,,,,,,3.7366017261176
"canonical","B2_sweep",2,800,86,"CATT","surface",,,,"wang",,,,,,,,0.30577317222868,0.256811930147977,1588,0.0723213822767317,0.882241813602015,0.984542149585438,0.798488664987406,0.826253999009271,
"canonical","B2_sweep",2,800,87,"GATT","g=4_t=4",4,4,0,"wang",3.5474776882575,0.0824210516761501,3.3859353941301,3.41190709172378,3.68304828479122,3.70901998238489,0,,,,,,,,,3.71529694983029
"canonical","B2_sweep",2,800,87,"GATT","g=4_t=5",4,5,1,"wang",3.49949788840446,0.0849338466729405,3.33303060654398,3.35979411096909,3.63920166583983,3.66596517026494,0,,,,,,,,,3.71529694983029
"canonical","B2_sweep",2,800,87,"GATT","g=4_t=6",4,6,2,"wang",3.57371170481384,0.0897610615964428,3.39778325548303,3.42606786360269,3.721355546025,3.74964015414465,0,,,,,,,,,3.71529694983029
"canonical","B2_sweep",2,800,87,"GATT","g=4_t=7",4,7,3,"wang",3.66786936154924,0.0826505359760567,3.50587728645546,3.53192129684687,3.8038174262516,3.82986143664301,0,,,,,,,,,3.71529694983029
"canonical","B2_sweep",2,800,87,"CATT","surface",,,,"wang",,,,,,,,0.332146043841715,0.259698942458127,1596,0.0721291421373788,0.840225563909774,1.04477674057921,0.780701754385965,0.876804472351882,
"canonical","B2_sweep",2,800,88,"GATT","g=4_t=4",4,4,0,"wang",3.87394546243673,0.0826497960570791,3.71195483755752,3.73799861479306,4.0098923100804,4.03593608731595,0,,,,,,,,,3.76195830545239
"canonical","B2_sweep",2,800,88,"GATT","g=4_t=5",4,5,1,"wang",3.82353463025878,0.0789200135101206,3.66885424489943,3.6937227303566,3.95334653016095,3.97821501561813,0,,,,,,,,,3.76195830545239
"canonical","B2_sweep",2,800,88,"GATT","g=4_t=6",4,6,2,"wang",3.99768220933406,0.0850930113848831,3.8309029703681,3.85771662918559,4.13764778948253,4.16446144830002,0,,,,,,,,,3.76195830545239
"canonical","B2_sweep",2,800,88,"GATT","g=4_t=7",4,7,3,"wang",3.9521971743778,0.0826591855701051,3.79018814639107,3.81623488235607,4.08815946639953,4.11420620236452,0,,,,,,,,,3.76195830545239
"canonical","B2_sweep",2,800,88,"CATT","surface",,,,"wang",,,,,,,,0.346140808861572,0.27717005021977,1656,0.0813772487837525,0.833937198067633,1.06362148747935,0.777173913043478,0.892619485952987,
"canonical","B2_sweep",2,800,89,"GATT","g=4_t=4",4,4,0,"wang",3.7698232525521,0.0887090796215929,3.59595665002064,3.6239097681002,3.915736737004,3.94368985508356,0,,,,,,,,,3.718819619963
"canonical","B2_sweep",2,800,89,"GATT","g=4_t=5",4,5,1,"wang",3.69329183849028,0.0886059216951724,3.51962742178092,3.54754803376629,3.83903564321427,3.86695625519964,0,,,,,,,,,3.718819619963
"canonical","B2_sweep",2,800,89,"GATT","g=4_t=6",4,6,2,"wang",3.69437391458783,0.0848736457651466,3.52802462433939,3.55476915885644,3.83397867031921,3.86072320483626,0,,,,,,,,,3.718819619963
"canonical","B2_sweep",2,800,89,"GATT","g=4_t=7",4,7,3,"wang",3.53114027268392,0.0871642164782736,3.36030154629829,3.38776786255276,3.67451268281507,3.70197899906954,0,,,,,,,,,3.718819619963
"canonical","B2_sweep",2,800,89,"CATT","surface",,,,"wang",,,,,,,,0.339125653984628,0.274285658273775,1580,0.0792176570153945,0.878481012658228,1.13265402314938,0.810126582278481,0.950553428835093,
"canonical","B2_sweep",2,800,90,"GATT","g=4_t=4",4,4,0,"wang",3.68217193559203,0.0793411538060626,3.52666613041369,3.55166732138952,3.81267654979455,3.83767774077038,0,,,,,,,,,3.73532352283068
"canonical","B2_sweep",2,800,90,"GATT","g=4_t=5",4,5,1,"wang",3.63757168557267,0.081164439306564,3.47849230645162,3.50406803292151,3.77107533822383,3.79665106469372,0,,,,,,,,,3.73532352283068
"canonical","B2_sweep",2,800,90,"GATT","g=4_t=6",4,6,2,"wang",3.57316139163212,0.0850866564223613,3.40639460816392,3.43320626446917,3.71311651879507,3.73992817510032,0,,,,,,,,,3.73532352283068
"canonical","B2_sweep",2,800,90,"GATT","g=4_t=7",4,7,3,"wang",3.5242062480816,0.0815266636448493,3.36441692229759,3.39010678927872,3.65830570688449,3.68399557386561,0,,,,,,,,,3.73532352283068
"canonical","B2_sweep",2,800,90,"CATT","surface",,,,"wang",,,,,,,,0.384769932691867,0.327562209245814,1628,0.0886701017502512,0.834152334152334,1.14798474736911,0.724201474201474,0.963419380993255,
"canonical","B2_sweep",2,800,91,"GATT","g=4_t=4",4,4,0,"wang",3.695961364617,0.0779475115090396,3.54318704816969,3.56774908852131,3.82417364071269,3.8487356810643,0,,,,,,,,,3.72472339846106
"canonical","B2_sweep",2,800,91,"GATT","g=4_t=5",4,5,1,"wang",3.75252803794275,0.0795052455312688,3.5967006188903,3.62175351680966,3.88330255907584,3.9083554569952,0,,,,,,,,,3.72472339846106
"canonical","B2_sweep",2,800,91,"GATT","g=4_t=6",4,6,2,"wang",3.77015362733012,0.0841495769259423,3.60522348594004,3.63173985912518,3.90856739553507,3.9350837687202,0,,,,,,,,,3.72472339846106
"canonical","B2_sweep",2,800,91,"GATT","g=4_t=7",4,7,3,"wang",3.80605634705246,0.0795795440485638,3.65008330558086,3.67515961570601,3.93695307839892,3.96202938852406,0,,,,,,,,,3.72472339846106
"canonical","B2_sweep",2,800,91,"CATT","surface",,,,"wang",,,,,,,,0.391079722873756,0.311304130535062,1524,0.095829274384202,0.758530183727034,1.01302064827373,0.689632545931758,0.850153913743133,
"canonical","B2_sweep",2,800,92,"GATT","g=4_t=4",4,4,0,"wang",3.43935057563316,0.0815411401132373,3.27953287649226,3.30522730515334,3.57347384611298,3.59916827477406,0,,,,,,,,,3.74322823587361
"canonical","B2_sweep",2,800,92,"GATT","g=4_t=5",4,5,1,"wang",3.69251317591189,0.0856431902235388,3.52465560622861,3.55164263189994,3.83338371992384,3.86037074559518,0,,,,,,,,,3.74322823587361
"canonical","B2_sweep",2,800,92,"GATT","g=4_t=6",4,6,2,"wang",3.58766448961241,0.0856076991488211,3.41987648115789,3.44685232323668,3.72847665598815,3.75545249806693,0,,,,,,,,,3.74322823587361
"canonical","B2_sweep",2,800,92,"GATT","g=4_t=7",4,7,3,"wang",3.6376223834656,0.086231734319211,3.46861128854238,3.49578377034371,3.77946099658749,3.80663347838881,0,,,,,,,,,3.74322823587361
"canonical","B2_sweep",2,800,92,"CATT","surface",,,,"wang",,,,,,,,0.340059598675848,0.279918417232456,1644,0.0769119952760465,0.826034063260341,1.01223059362063,0.736009732360097,0.849490878832096,
"canonical","B2_sweep",2,800,93,"GATT","g=4_t=4",4,4,0,"wang",3.9384127374687,0.0783732214522705,3.78480404485822,3.80950023067005,4.06732524426735,4.09202143007918,0,,,,,,,,,3.75938383296876
"canonical","B2_sweep",2,800,93,"GATT","g=4_t=5",4,5,1,"wang",3.76403853723389,0.0876623513546704,3.59222348442338,3.61984676795875,3.90823030650902,3.93585359004439,0,,,,,,,,,3.75938383296876
"canonical","B2_sweep",2,800,93,"GATT","g=4_t=6",4,6,2,"wang",3.77748632491415,0.0799015400239243,3.6208821829227,3.64605995719963,3.90891269262866,3.9340904669056,0,,,,,,,,,3.75938383296876
"canonical","B2_sweep",2,800,93,"GATT","g=4_t=7",4,7,3,"wang",3.78199390352574,0.0788304999769379,3.62748896146894,3.65232924031667,3.9116585667348,3.93649884558253,0,,,,,,,,,3.75938383296876
"canonical","B2_sweep",2,800,93,"CATT","surface",,,,"wang",,,,,,,,0.381352486656331,0.298703457437603,1636,0.0928254124661146,0.789731051344743,1.07325378503297,0.742665036674817,0.900703166653382,
"canonical","B2_sweep",2,800,94,"GATT","g=4_t=4",4,4,0,"wang",3.93863365696106,0.0832446057254991,3.77547722654489,3.80170843425505,4.07555887966707,4.10179008737724,0,,,,,,,,,3.82709942348152
"canonical","B2_sweep",2,800,94,"GATT","g=4_t=5",4,5,1,"wang",3.88392266735528,0.0862511016159493,3.71487361322767,3.74205219785788,4.02579313685268,4.05297172148288,0,,,,,,,,,3.82709942348152
"canonical","B2_sweep",2,800,94,"GATT","g=4_t=6",4,6,2,"wang",3.89239047395498,0.0857907264619774,3.72424373855566,3.75127725437109,4.03350369353887,4.0605372093543,0,,,,,,,,,3.82709942348152
"canonical","B2_sweep",2,800,94,"GATT","g=4_t=7",4,7,3,"wang",3.95143983004688,0.0843413925475298,3.78613373694386,3.81271055314951,4.09016910694426,4.11674592314991,0,,,,,,,,,3.82709942348152
"canonical","B2_sweep",2,800,94,"CATT","surface",,,,"wang",,,,,,,,0.31130489479201,0.24668795386248,1572,0.0765111360960982,0.868956743002545,1.08403317398354,0.811068702290076,0.909749517011291,
"canonical","B2_sweep",2,800,95,"GATT","g=4_t=4",4,4,0,"wang",3.77841678755885,0.0787203783750954,3.62412767987729,3.64893325830706,3.90790031681064,3.93270589524042,0,,,,,,,,,3.7563595256608
"canonical","B2_sweep",2,800,95,"GATT","g=4_t=5",4,5,1,"wang",3.71369622253543,0.0820083075167369,3.5529628921017,3.5788045298833,3.84858791518757,3.87442955296917,0,,,,,,,,,3.7563595256608
"canonical","B2_sweep",2,800,95,"GATT","g=4_t=6",4,6,2,"wang",3.72551437722861,0.0805307778573492,3.5676769517362,3.59305300514683,3.85797574931038,3.88335180272101,0,,,,,,,,,3.7563595256608
"canonical","B2_sweep",2,800,95,"GATT","g=4_t=7",4,7,3,"wang",3.90720957028815,0.0786040584517122,3.7531484454689,3.77791737032761,4.03650177024868,4.0612706951074,0,,,,,,,,,3.7563595256608
"canonical","B2_sweep",2,800,95,"CATT","surface",,,,"wang",,,,,,,,0.393026831455707,0.317712928507431,1580,0.0982759117512261,0.79493670886076,1.0716835565392,0.718987341772152,0.899385389072318,
"canonical","B2_sweep",2,800,96,"GATT","g=4_t=4",4,4,0,"wang",3.77954362546011,0.0829291341246721,3.61700550802458,3.64313730747861,3.91594994344162,3.94208174289564,0,,,,,,,,,3.79189440617546
"canonical","B2_sweep",2,800,96,"GATT","g=4_t=5",4,5,1,"wang",3.76953767281947,0.0914853830717471,3.59022961547264,3.61905757453238,3.92001777110657,3.94884573016631,0,,,,,,,,,3.79189440617546
"canonical","B2_sweep",2,800,96,"GATT","g=4_t=6",4,6,2,"wang",3.89715980921026,0.0892054518999111,3.7223203348827,3.75042986483088,4.04388975358963,4.07199928353781,0,,,,,,,,,3.79189440617546
"canonical","B2_sweep",2,800,96,"GATT","g=4_t=7",4,7,3,"wang",3.88056442682807,0.0860984066626251,3.71181464931197,3.73894511823543,4.02218373542072,4.04931420434418,0,,,,,,,,,3.79189440617546
"canonical","B2_sweep",2,800,96,"CATT","surface",,,,"wang",,,,,,,,0.273445197941178,0.210198804850594,1532,0.0629976740916259,0.936031331592689,1.13023400430247,0.891644908616188,0.948522484552235,
"canonical","B2_sweep",2,800,97,"GATT","g=4_t=4",4,4,0,"wang",3.64337116343036,0.0837603779691653,3.4792038379844,3.50559757068627,3.78114475617445,3.80753848887632,0,,,,,,,,,3.78471830330599
"canonical","B2_sweep",2,800,97,"GATT","g=4_t=5",4,5,1,"wang",3.62441865118517,0.086573993279608,3.4547367410209,3.48201707204323,3.76682023032711,3.79410056134944,0,,,,,,,,,3.78471830330599
"canonical","B2_sweep",2,800,97,"GATT","g=4_t=6",4,6,2,"wang",3.80299956215194,0.0871009067680795,3.63228492051915,3.65973128725084,3.94626783705305,3.97371420378474,0,,,,,,,,,3.78471830330599
"canonical","B2_sweep",2,800,97,"GATT","g=4_t=7",4,7,3,"wang",3.69043696702632,0.0880393933276055,3.51788292552237,3.54562501875383,3.8352489152988,3.86299100853026,0,,,,,,,,,3.78471830330599
"canonical","B2_sweep",2,800,97,"CATT","surface",,,,"wang",,,,,,,,0.336263413412739,0.276585940302172,1584,0.0771767820014481,0.842171717171717,1.01203793010848,0.767045454545455,0.849329190480361,
"canonical","B2_sweep",2,800,98,"GATT","g=4_t=4",4,4,0,"wang",3.71800403660723,0.0822570207392658,3.55678323721101,3.58270324701616,3.85330482619829,3.87922483600344,0,,,,,,,,,3.75173145261958
"canonical","B2_sweep",2,800,98,"GATT","g=4_t=5",4,5,1,"wang",3.83880120601522,0.0837874973523624,3.67458072755449,3.7009830058452,3.97661940618524,4.00302168447594,0,,,,,,,,,3.75173145261958
"canonical","B2_sweep",2,800,98,"GATT","g=4_t=6",4,6,2,"wang",3.83869414257905,0.0803497672959951,3.68121149127053,3.70653050644317,3.97085777871494,3.99617679388758,0,,,,,,,,,3.75173145261958
"canonical","B2_sweep",2,800,98,"GATT","g=4_t=7",4,7,3,"wang",3.73609292633649,0.0790269644580554,3.58120292096942,3.6061051077398,3.86608074493318,3.89098293170356,0,,,,,,,,,3.75173145261958
"canonical","B2_sweep",2,800,98,"CATT","surface",,,,"wang",,,,,,,,0.461096723715173,0.387650590866623,1420,0.112755498886652,0.669718309859155,1.0329591655534,0.570422535211268,0.866886848583533,
"canonical","B2_sweep",2,800,99,"GATT","g=4_t=4",4,4,0,"wang",3.87772204310138,0.0832665520056503,3.71452259876618,3.74076072196868,4.01468336423408,4.04092148743658,0,,,,,,,,,3.81784605365251
"canonical","B2_sweep",2,800,99,"GATT","g=4_t=5",4,5,1,"wang",3.77494206210446,0.0852960583303113,3.60776485843515,3.63464249937562,3.91524162483331,3.94211926577377,0,,,,,,,,,3.81784605365251
"canonical","B2_sweep",2,800,99,"GATT","g=4_t=6",4,6,2,"wang",4.03093131921832,0.0785438039864891,3.87698829098174,3.90173822905593,4.16012440938071,4.18487434745489,0,,,,,,,,,3.81784605365251
"canonical","B2_sweep",2,800,99,"GATT","g=4_t=7",4,7,3,"wang",3.82943952600912,0.0793996901428769,3.67381899171793,3.69883862807885,3.96004042393939,3.98506006030031,0,,,,,,,,,3.81784605365251
"canonical","B2_sweep",2,800,99,"CATT","surface",,,,"wang",,,,,,,,0.376033564813435,0.308103281488884,1528,0.0880229760049215,0.847513089005236,1.1344477717674,0.780104712041885,0.952058790458749,
