dgp,setting,linearity_degree,N,rep,spec,estimand_type,estimand_id,g,t,k,method,post_mean,sd,q025,q05,q95,q975,p_bayes,surf_rmse,surf_mae,surf_n,surf_mape,surf_cover95,surf_len95,surf_cover90,surf_len90,true
canonical,B2_sweep,3,800,80,structured,GATT,g=4_t=4,4.0,4.0,0.0,plain,3.8622923805729266,0.07059356806345007,3.719387277090197,3.740651152311665,3.97280263273817,3.993349791116866,0.0,,,,,,,,,3.7476287474431658
canonical,B2_sweep,3,800,80,structured,GATT,g=4_t=5,4.0,5.0,1.0,plain,3.876021657153245,0.06637978730073676,3.7436636292205296,3.7694884559494075,3.9839088020344744,4.009385598191242,0.0,,,,,,,,,3.7476287474431658
canonical,B2_sweep,3,800,80,structured,GATT,g=4_t=6,4.0,6.0,2.0,plain,3.8762605398655583,0.06639838675557905,3.7422468416035843,3.7703636854438036,3.98379764561846,4.006561748141938,0.0,,,,,,,,,3.7476287474431658
canonical,B2_sweep,3,800,80,structured,GATT,g=4_t=7,4.0,7.0,3.0,plain,3.8841774157072524,0.07156375284691573,3.7455322269453966,3.771750740248211,4.000838648343199,4.027008716496354,0.0,,,,,,,,,3.7476287474431658
canonical,B2_sweep,3,800,80,structured,ES,k=0,,,0.0,plain,3.8622923805729266,0.07059356806345007,3.719387277090197,3.740651152311665,3.97280263273817,3.993349791116866,0.0,,,,,,,,,3.7476287474431658
canonical,B2_sweep,3,800,80,structured,ES,k=1,,,1.0,plain,3.876021657153245,0.06637978730073676,3.7436636292205296,3.7694884559494075,3.9839088020344744,4.009385598191242,0.0,,,,,,,,,3.7476287474431658
canonical,B2_sweep,3,800,80,structured,ES,k=2,,,2.0,plain,3.8762605398655583,0.06639838675557905,3.7422468416035843,3.7703636854438036,3.98379764561846,4.006561748141938,0.0,,,,,,,,,3.7476287474431658
canonical,B2_sweep,3,800,80,structured,ES,k=3,,,3.0,plain,3.8841774157072524,0.07156375284691573,3.7455322269453966,3.771750740248211,4.000838648343199,4.027008716496354,0.0,,,,,,,,,3.7476287474431658
canonical,B2_sweep,3,800,80,structured,ATT,ATT,,,,plain,3.8746879983247453,0.058087395142357626,3.7632517657554194,3.7846521385141156,3.96978169950194,3.9858709935015195,0.0,,,,,,,,,3.747628747443165
canonical,B2_sweep,3,800,80,structured,CATT,surface,,,,plain,,,,,,,,0.29823718499565155,0.24603480504197145,1632.0,0.06831864233493115,0.7426470588235294,0.7093442496124552,0.6764705882352942,0.5954688325525477,
canonical,B2_sweep,3,800,80,structured,GATT,g=4_t=4,4.0,4.0,0.0,corrected,1.3205805250420866,2.5940483994647443,-5.274371281850589,-3.7208802144840836,4.079293444524349,4.262515433020357,0.228,,,,,,,,,3.7476287474431658
canonical,B2_sweep,3,800,80,structured,GATT,g=4_t=5,4.0,5.0,1.0,corrected,2.8844496084559013,1.2923742022936082,-0.29404717759125826,0.6267417973653439,4.395976749935753,4.671440092567508,0.03266666666666666,,,,,,,,,3.7476287474431658
canonical,B2_sweep,3,800,80,structured,GATT,g=4_t=6,4.0,6.0,2.0,corrected,1.1196945318471263,2.832586014074974,-5.630142079872129,-4.5040126395812194,4.193280391166143,4.453719647975279,0.262,,,,,,,,,3.7476287474431658
canonical,B2_sweep,3,800,80,structured,GATT,g=4_t=7,4.0,7.0,3.0,corrected,1.8327739905945308,2.2487836484423473,-3.697424457368899,-2.341353691367021,4.312739935270646,4.59697251816855,0.15533333333333332,,,,,,,,,3.7476287474431658
canonical,B2_sweep,3,800,80,structured,ES,k=0,,,0.0,corrected,1.3205805250420866,2.5940483994647443,-5.274371281850589,-3.7208802144840836,4.079293444524349,4.262515433020357,0.228,,,,,,,,,3.7476287474431658
canonical,B2_sweep,3,800,80,structured,ES,k=1,,,1.0,corrected,2.8844496084559013,1.2923742022936082,-0.29404717759125826,0.6267417973653439,4.395976749935753,4.671440092567508,0.03266666666666666,,,,,,,,,3.7476287474431658
canonical,B2_sweep,3,800,80,structured,ES,k=2,,,2.0,corrected,1.1196945318471263,2.832586014074974,-5.630142079872129,-4.5040126395812194,4.193280391166143,4.453719647975279,0.262,,,,,,,,,3.7476287474431658
canonical,B2_sweep,3,800,80,structured,ES,k=3,,,3.0,corrected,1.8327739905945308,2.2487836484423473,-3.697424457368899,-2.341353691367021,4.312739935270646,4.59697251816855,0.15533333333333332,,,,,,,,,3.7476287474431658
canonical,B2_sweep,3,800,80,structured,ATT,ATT,,,,corrected,1.789374663984911,2.1970600565290286,-3.729181415032183,-2.5594025380014918,4.144621779188686,4.393979407017359,0.16066666666666668,,,,,,,,,3.747628747443165
canonical,B2_sweep,3,800,80,structured,CATT,surface,,,,corrected,,,,,,,,2.3377641634835404,2.0088516982004507,1632.0,0.5027608552738153,0.7598039215686274,8.220158172103643,0.6844362745098039,6.730198817240968,
canonical,B2_sweep,3,800,81,structured,GATT,g=4_t=4,4.0,4.0,0.0,plain,3.6818943623053966,0.07180829238260461,3.545986570135073,3.5654519420602053,3.8001992417829737,3.823309501005817,0.0,,,,,,,,,3.6714175263207753
canonical,B2_sweep,3,800,81,structured,GATT,g=4_t=5,4.0,5.0,1.0,plain,3.678337733798393,0.06798188548582158,3.5457506047809133,3.5655566290279466,3.7890003403685286,3.8128270044960795,0.0,,,,,,,,,3.6714175263207753
canonical,B2_sweep,3,800,81,structured,GATT,g=4_t=6,4.0,6.0,2.0,plain,3.6644706947552232,0.0672601837792213,3.526990972211355,3.552244941838766,3.7677203833131463,3.7890696345604793,0.0,,,,,,,,,3.6714175263207753
canonical,B2_sweep,3,800,81,structured,GATT,g=4_t=7,4.0,7.0,3.0,plain,3.66817729465905,0.07356595053853963,3.5169666566943776,3.54403653550605,3.787164869445943,3.8091907063246624,0.0,,,,,,,,,3.6714175263207753
canonical,B2_sweep,3,800,81,structured,ES,k=0,,,0.0,plain,3.6818943623053966,0.07180829238260461,3.545986570135073,3.5654519420602053,3.8001992417829737,3.823309501005817,0.0,,,,,,,,,3.6714175263207753
canonical,B2_sweep,3,800,81,structured,ES,k=1,,,1.0,plain,3.678337733798393,0.06798188548582158,3.5457506047809133,3.5655566290279466,3.7890003403685286,3.8128270044960795,0.0,,,,,,,,,3.6714175263207753
canonical,B2_sweep,3,800,81,structured,ES,k=2,,,2.0,plain,3.6644706947552232,0.0672601837792213,3.526990972211355,3.552244941838766,3.7677203833131463,3.7890696345604793,0.0,,,,,,,,,3.6714175263207753
canonical,B2_sweep,3,800,81,structured,ES,k=3,,,3.0,plain,3.66817729465905,0.07356595053853963,3.5169666566943776,3.54403653550605,3.787164869445943,3.8091907063246624,0.0,,,,,,,,,3.6714175263207753
canonical,B2_sweep,3,800,81,structured,ATT,ATT,,,,plain,3.673220021379516,0.061322878814329775,3.552735913450055,3.576828824170995,3.7665159966976276,3.7884765989190297,0.0,,,,,,,,,3.6714175263207753
canonical,B2_sweep,3,800,81,structured,CATT,surface,,,,plain,,,,,,,,0.18766367666330228,0.11519168131151808,1612.0,0.030207789880850912,0.9925558312655087,0.7995901845245027,0.9826302729528535,0.6728154882280454,
canonical,B2_sweep,3,800,81,structured,GATT,g=4_t=4,4.0,4.0,0.0,corrected,3.6528885855522493,0.12234914094777785,3.4170386460622297,3.4520983357638673,3.8556502312067944,3.8869245042885963,0.0,,,,,,,,,3.6714175263207753
canonical,B2_sweep,3,800,81,structured,GATT,g=4_t=5,4.0,5.0,1.0,corrected,3.664971160381583,0.12133950967933267,3.4218156629778638,3.465518325976013,3.8684754047025693,3.909543008159324,0.0,,,,,,,,,3.6714175263207753
canonical,B2_sweep,3,800,81,structured,GATT,g=4_t=6,4.0,6.0,2.0,corrected,3.57266284206544,0.11368691871272349,3.3568727073879017,3.3874394585982186,3.754396323079835,3.796620336644718,0.0,,,,,,,,,3.6714175263207753
canonical,B2_sweep,3,800,81,structured,GATT,g=4_t=7,4.0,7.0,3.0,corrected,3.61493868727226,0.12337087515079591,3.3758309469188745,3.4177130390982895,3.811261659019771,3.849655197064813,0.0,,,,,,,,,3.6714175263207753
canonical,B2_sweep,3,800,81,structured,ES,k=0,,,0.0,corrected,3.6528885855522493,0.12234914094777785,3.4170386460622297,3.4520983357638673,3.8556502312067944,3.8869245042885963,0.0,,,,,,,,,3.6714175263207753
canonical,B2_sweep,3,800,81,structured,ES,k=1,,,1.0,corrected,3.664971160381583,0.12133950967933267,3.4218156629778638,3.465518325976013,3.8684754047025693,3.909543008159324,0.0,,,,,,,,,3.6714175263207753
canonical,B2_sweep,3,800,81,structured,ES,k=2,,,2.0,corrected,3.57266284206544,0.11368691871272349,3.3568727073879017,3.3874394585982186,3.754396323079835,3.796620336644718,0.0,,,,,,,,,3.6714175263207753
canonical,B2_sweep,3,800,81,structured,ES,k=3,,,3.0,corrected,3.61493868727226,0.12337087515079591,3.3758309469188745,3.4177130390982895,3.811261659019771,3.849655197064813,0.0,,,,,,,,,3.6714175263207753
canonical,B2_sweep,3,800,81,structured,ATT,ATT,,,,corrected,3.626365318817883,0.10047498388790271,3.4281799156984865,3.4616214637994043,3.7942723802512557,3.821512257557464,0.0,,,,,,,,,3.6714175263207753
canonical,B2_sweep,3,800,81,structured,CATT,surface,,,,corrected,,,,,,,,1.0624847519893157,0.8577794164414563,1612.0,0.24594035631084063,0.047766749379652605,0.4677962707026454,0.04156327543424317,0.3917536146431454,
canonical,B2_sweep,3,800,82,structured,GATT,g=4_t=4,4.0,4.0,0.0,plain,3.6902651862046714,0.07293479107204984,3.550854337410326,3.5742821590217737,3.815554537815542,3.845032345230276,0.0,,,,,,,,,3.7562564176914304
canonical,B2_sweep,3,800,82,structured,GATT,g=4_t=5,4.0,5.0,1.0,plain,3.680791408991532,0.07025156495337845,3.539998884223195,3.568775006043916,3.796140861956483,3.8218079431861867,0.0,,,,,,,,,3.7562564176914304
canonical,B2_sweep,3,800,82,structured,GATT,g=4_t=6,4.0,6.0,2.0,plain,3.659087902987177,0.07918835883602336,3.4827031141858535,3.520545354956057,3.773905810581585,3.797501358738219,0.0,,,,,,,,,3.7562564176914304
canonical,B2_sweep,3,800,82,structured,GATT,g=4_t=7,4.0,7.0,3.0,plain,3.7272178204824304,0.0892279208359196,3.5731104068383326,3.5965964824388563,3.886245124795202,3.904932538953396,0.0,,,,,,,,,3.7562564176914304
canonical,B2_sweep,3,800,82,structured,ES,k=0,,,0.0,plain,3.6902651862046714,0.07293479107204984,3.550854337410326,3.5742821590217737,3.815554537815542,3.845032345230276,0.0,,,,,,,,,3.7562564176914304
canonical,B2_sweep,3,800,82,structured,ES,k=1,,,1.0,plain,3.680791408991532,0.07025156495337845,3.539998884223195,3.568775006043916,3.796140861956483,3.8218079431861867,0.0,,,,,,,,,3.7562564176914304
canonical,B2_sweep,3,800,82,structured,ES,k=2,,,2.0,plain,3.659087902987177,0.07918835883602336,3.4827031141858535,3.520545354956057,3.773905810581585,3.797501358738219,0.0,,,,,,,,,3.7562564176914304
canonical,B2_sweep,3,800,82,structured,ES,k=3,,,3.0,plain,3.7272178204824304,0.0892279208359196,3.5731104068383326,3.5965964824388563,3.886245124795202,3.904932538953396,0.0,,,,,,,,,3.7562564176914304
canonical,B2_sweep,3,800,82,structured,ATT,ATT,,,,plain,3.689340579666453,0.060828310799519045,3.574286091542148,3.5928829000667393,3.7867447023307172,3.8072968306253485,0.0,,,,,,,,,3.75625641769143
canonical,B2_sweep,3,800,82,structured,CATT,surface,,,,plain,,,,,,,,0.25005570030403157,0.1719351184761361,1580.0,0.04555702709062903,0.9620253164556962,0.8193915917340453,0.910126582278481,0.689469417012814,
canonical,B2_sweep,3,800,82,structured,GATT,g=4_t=4,4.0,4.0,0.0,corrected,3.6415081364813706,0.11771188809644949,3.4157215517797592,3.4533967664589063,3.833918813470338,3.8749689671226637,0.0,,,,,,,,,3.7562564176914304
canonical,B2_sweep,3,800,82,structured,GATT,g=4_t=5,4.0,5.0,1.0,corrected,3.610769497739503,0.1253814286993835,3.3482568594659616,3.4017644816430286,3.81301643019505,3.858286093208781,0.0,,,,,,,,,3.7562564176914304
canonical,B2_sweep,3,800,82,structured,GATT,g=4_t=6,4.0,6.0,2.0,corrected,3.53851289727515,0.12251175068436862,3.2945262431715974,3.3373129922214106,3.74198113044438,3.780735086678685,0.0,,,,,,,,,3.7562564176914304
canonical,B2_sweep,3,800,82,structured,GATT,g=4_t=7,4.0,7.0,3.0,corrected,3.7456767532205766,0.12633441628791656,3.5050891689441945,3.541408788836781,3.9474127052728116,3.983514948566034,0.0,,,,,,,,,3.7562564176914304
canonical,B2_sweep,3,800,82,structured,ES,k=0,,,0.0,corrected,3.6415081364813706,0.11771188809644949,3.4157215517797592,3.4533967664589063,3.833918813470338,3.8749689671226637,0.0,,,,,,,,,3.7562564176914304
canonical,B2_sweep,3,800,82,structured,ES,k=1,,,1.0,corrected,3.610769497739503,0.1253814286993835,3.3482568594659616,3.4017644816430286,3.81301643019505,3.858286093208781,0.0,,,,,,,,,3.7562564176914304
canonical,B2_sweep,3,800,82,structured,ES,k=2,,,2.0,corrected,3.53851289727515,0.12251175068436862,3.2945262431715974,3.3373129922214106,3.74198113044438,3.780735086678685,0.0,,,,,,,,,3.7562564176914304
canonical,B2_sweep,3,800,82,structured,ES,k=3,,,3.0,corrected,3.7456767532205766,0.12633441628791656,3.5050891689441945,3.541408788836781,3.9474127052728116,3.983514948566034,0.0,,,,,,,,,3.7562564176914304
canonical,B2_sweep,3,800,82,structured,ATT,ATT,,,,corrected,3.6341168211791492,0.10265074778851363,3.435118871859003,3.463989242611855,3.798725439167158,3.834076196623346,0.0,,,,,,,,,3.75625641769143
canonical,B2_sweep,3,800,82,structured,CATT,surface,,,,corrected,,,,,,,,1.0773698803450107,0.8954622927188948,1580.0,0.25049771522783926,0.06139240506329114,0.4834778180536628,0.03860759493670886,0.4006115125556133,
canonical,B2_sweep,3,800,83,structured,GATT,g=4_t=4,4.0,4.0,0.0,plain,3.7986860826981568,0.07029230321321492,3.65815397163517,3.684623678635335,3.907662587962536,3.933959213415016,0.0,,,,,,,,,3.814666930062967
canonical,B2_sweep,3,800,83,structured,GATT,g=4_t=5,4.0,5.0,1.0,plain,3.8039642273192893,0.06779007700768719,3.6756880987013303,3.6985184390684624,3.9108853377834567,3.935076129615833,0.0,,,,,,,,,3.814666930062967
canonical,B2_sweep,3,800,83,structured,GATT,g=4_t=6,4.0,6.0,2.0,plain,3.7956530629581637,0.06767916072224338,3.6661110960948653,3.688898333702217,3.903557817177048,3.9211822377281846,0.0,,,,,,,,,3.814666930062967
canonical,B2_sweep,3,800,83,structured,GATT,g=4_t=7,4.0,7.0,3.0,plain,3.808182636778199,0.07264132661509656,3.6710629367570102,3.6939022253446234,3.92546643335504,3.955550888859608,0.0,,,,,,,,,3.814666930062967
canonical,B2_sweep,3,800,83,structured,ES,k=0,,,0.0,plain,3.7986860826981568,0.07029230321321492,3.65815397163517,3.684623678635335,3.907662587962536,3.933959213415016,0.0,,,,,,,,,3.814666930062967
canonical,B2_sweep,3,800,83,structured,ES,k=1,,,1.0,plain,3.8039642273192893,0.06779007700768719,3.6756880987013303,3.6985184390684624,3.9108853377834567,3.935076129615833,0.0,,,,,,,,,3.814666930062967
canonical,B2_sweep,3,800,83,structured,ES,k=2,,,2.0,plain,3.7956530629581637,0.06767916072224338,3.6661110960948653,3.688898333702217,3.903557817177048,3.9211822377281846,0.0,,,,,,,,,3.814666930062967
canonical,B2_sweep,3,800,83,structured,ES,k=3,,,3.0,plain,3.808182636778199,0.07264132661509656,3.6710629367570102,3.6939022253446234,3.92546643335504,3.955550888859608,0.0,,,,,,,,,3.814666930062967
canonical,B2_sweep,3,800,83,structured,ATT,ATT,,,,plain,3.8016215024384516,0.05922446229845474,3.690781424870124,3.709925118503495,3.8935842438908677,3.9094451003484485,0.0,,,,,,,,,3.814666930062967
canonical,B2_sweep,3,800,83,structured,CATT,surface,,,,plain,,,,,,,,0.2859199687609298,0.1612155643861795,1576.0,0.04268399516277669,0.9847715736040609,0.7709932456982429,0.9796954314720813,0.6477387091842596,
canonical,B2_sweep,3,800,83,structured,GATT,g=4_t=4,4.0,4.0,0.0,corrected,3.7171166946314993,0.12533941431233703,3.470323111432508,3.5095417493187906,3.919144256100203,3.9512665457766603,0.0,,,,,,,,,3.814666930062967
canonical,B2_sweep,3,800,83,structured,GATT,g=4_t=5,4.0,5.0,1.0,corrected,3.761167953936967,0.11883101371571912,3.533304807652974,3.568115107045197,3.966650600899342,3.9936835069213146,0.0,,,,,,,,,3.814666930062967
canonical,B2_sweep,3,800,83,structured,GATT,g=4_t=6,4.0,6.0,2.0,corrected,3.6783648631483055,0.12125653611073589,3.4292066790898623,3.4808542735415955,3.8822204646898424,3.912165532061505,0.0,,,,,,,,,3.814666930062967
canonical,B2_sweep,3,800,83,structured,GATT,g=4_t=7,4.0,7.0,3.0,corrected,3.7182765407201606,0.12409521944645907,3.4649369503012606,3.515250313713458,3.9182551010102435,3.949601277121606,0.0,,,,,,,,,3.814666930062967
canonical,B2_sweep,3,800,83,structured,ES,k=0,,,0.0,corrected,3.7171166946314993,0.12533941431233703,3.470323111432508,3.5095417493187906,3.919144256100203,3.9512665457766603,0.0,,,,,,,,,3.814666930062967
canonical,B2_sweep,3,800,83,structured,ES,k=1,,,1.0,corrected,3.761167953936967,0.11883101371571912,3.533304807652974,3.568115107045197,3.966650600899342,3.9936835069213146,0.0,,,,,,,,,3.814666930062967
canonical,B2_sweep,3,800,83,structured,ES,k=2,,,2.0,corrected,3.6783648631483055,0.12125653611073589,3.4292066790898623,3.4808542735415955,3.8822204646898424,3.912165532061505,0.0,,,,,,,,,3.814666930062967
canonical,B2_sweep,3,800,83,structured,ES,k=3,,,3.0,corrected,3.7182765407201606,0.12409521944645907,3.4649369503012606,3.515250313713458,3.9182551010102435,3.949601277121606,0.0,,,,,,,,,3.814666930062967
canonical,B2_sweep,3,800,83,structured,ATT,ATT,,,,corrected,3.718731513109233,0.10407033092319772,3.5151304127099774,3.546933305802893,3.884136788435233,3.9133364707542317,0.0,,,,,,,,,3.814666930062967
canonical,B2_sweep,3,800,83,structured,CATT,surface,,,,corrected,,,,,,,,1.105498500432604,0.8909577587029203,1576.0,0.24842262961785877,0.09073604060913705,0.4772363283511201,0.04568527918781726,0.4031272447701475,
canonical,B2_sweep,3,800,84,structured,GATT,g=4_t=4,4.0,4.0,0.0,plain,3.772579546784725,0.0771833213061753,3.6114346784570137,3.6433925623464427,3.8887874874670674,3.916128481139398,0.0,,,,,,,,,3.7766743537728193
canonical,B2_sweep,3,800,84,structured,GATT,g=4_t=5,4.0,5.0,1.0,plain,3.8010448843518096,0.07314021579287384,3.6658547124605114,3.6941308382434173,3.91921164204197,3.9464971820261834,0.0,,,,,,,,,3.7766743537728193
canonical,B2_sweep,3,800,84,structured,GATT,g=4_t=6,4.0,6.0,2.0,plain,3.7947670493184584,0.06816898025384362,3.6652229822467874,3.6896232397082995,3.9017420169714976,3.9311336059377013,0.0,,,,,,,,,3.7766743537728193
canonical,B2_sweep,3,800,84,structured,GATT,g=4_t=7,4.0,7.0,3.0,plain,3.7879268760356903,0.07208016967503775,3.6495255482733366,3.6686083684976634,3.9003812386783765,3.9241957499117865,0.0,,,,,,,,,3.7766743537728193
canonical,B2_sweep,3,800,84,structured,ES,k=0,,,0.0,plain,3.772579546784725,0.0771833213061753,3.6114346784570137,3.6433925623464427,3.8887874874670674,3.916128481139398,0.0,,,,,,,,,3.7766743537728193
canonical,B2_sweep,3,800,84,structured,ES,k=1,,,1.0,plain,3.8010448843518096,0.07314021579287384,3.6658547124605114,3.6941308382434173,3.91921164204197,3.9464971820261834,0.0,,,,,,,,,3.7766743537728193
canonical,B2_sweep,3,800,84,structured,ES,k=2,,,2.0,plain,3.7947670493184584,0.06816898025384362,3.6652229822467874,3.6896232397082995,3.9017420169714976,3.9311336059377013,0.0,,,,,,,,,3.7766743537728193
canonical,B2_sweep,3,800,84,structured,ES,k=3,,,3.0,plain,3.7879268760356903,0.07208016967503775,3.6495255482733366,3.6686083684976634,3.9003812386783765,3.9241957499117865,0.0,,,,,,,,,3.7766743537728193
canonical,B2_sweep,3,800,84,structured,ATT,ATT,,,,plain,3.789079589122671,0.060351645885401886,3.6802360144192505,3.698575073622881,3.8856836721097183,3.906100269824256,0.0,,,,,,,,,3.7766743537728193
canonical,B2_sweep,3,800,84,structured,CATT,surface,,,,plain,,,,,,,,0.24194717514515032,0.1455563430808406,1576.0,0.035508766604066405,0.9873096446700508,0.8126502994603717,0.9682741116751269,0.6854812976861571,
canonical,B2_sweep,3,800,84,structured,GATT,g=4_t=4,4.0,4.0,0.0,corrected,3.755448632250242,0.11815240844511796,3.514357586083034,3.5600086195877454,3.9528470919693404,3.99078992493506,0.0,,,,,,,,,3.7766743537728193
canonical,B2_sweep,3,800,84,structured,GATT,g=4_t=5,4.0,5.0,1.0,corrected,3.921983421818278,0.11877447286413438,3.6878039304691335,3.7262705173810007,4.114163366976203,4.158103645917882,0.0,,,,,,,,,3.7766743537728193
canonical,B2_sweep,3,800,84,structured,GATT,g=4_t=6,4.0,6.0,2.0,corrected,3.7997297124407865,0.12449651379776233,3.560895322542791,3.5937835611939617,4.002580289985433,4.04179801619776,0.0,,,,,,,,,3.7766743537728193
canonical,B2_sweep,3,800,84,structured,GATT,g=4_t=7,4.0,7.0,3.0,corrected,3.7942989442723736,0.12389585908175238,3.549033382314436,3.585865943157161,3.999200704654471,4.037132417288427,0.0,,,,,,,,,3.7766743537728193
canonical,B2_sweep,3,800,84,structured,ES,k=0,,,0.0,corrected,3.755448632250242,0.11815240844511796,3.514357586083034,3.5600086195877454,3.9528470919693404,3.99078992493506,0.0,,,,,,,,,3.7766743537728193
canonical,B2_sweep,3,800,84,structured,ES,k=1,,,1.0,corrected,3.921983421818278,0.11877447286413438,3.6878039304691335,3.7262705173810007,4.114163366976203,4.158103645917882,0.0,,,,,,,,,3.7766743537728193
canonical,B2_sweep,3,800,84,structured,ES,k=2,,,2.0,corrected,3.7997297124407865,0.12449651379776233,3.560895322542791,3.5937835611939617,4.002580289985433,4.04179801619776,0.0,,,,,,,,,3.7766743537728193
canonical,B2_sweep,3,800,84,structured,ES,k=3,,,3.0,corrected,3.7942989442723736,0.12389585908175238,3.549033382314436,3.585865943157161,3.999200704654471,4.037132417288427,0.0,,,,,,,,,3.7766743537728193
canonical,B2_sweep,3,800,84,structured,ATT,ATT,,,,corrected,3.81786517769542,0.1003335178811286,3.625382297452299,3.6568142237572854,3.982241060593911,4.01502886396451,0.0,,,,,,,,,3.7766743537728193
canonical,B2_sweep,3,800,84,structured,CATT,surface,,,,corrected,,,,,,,,1.0929211779931642,0.8788611805839865,1576.0,0.25698716648966796,0.19923857868020303,0.4789334457324334,0.15926395939086294,0.40071570306639465,
canonical,B2_sweep,3,800,85,structured,GATT,g=4_t=4,4.0,4.0,0.0,plain,3.9203286915384323,0.08045397779932918,3.778290743136358,3.7959720810481827,4.059460430789018,4.090146751598519,0.0,,,,,,,,,3.8230155412891413
canonical,B2_sweep,3,800,85,structured,GATT,g=4_t=5,4.0,5.0,1.0,plain,3.8789250877170187,0.06738938730661866,3.753317828733235,3.7705222467042856,3.987778745069196,4.017908627068352,0.0,,,,,,,,,3.8230155412891413
canonical,B2_sweep,3,800,85,structured,GATT,g=4_t=6,4.0,6.0,2.0,plain,3.866455221147594,0.06634089370356935,3.735337190088545,3.75690703240918,3.9702265549633586,3.9908610624706014,0.0,,,,,,,,,3.8230155412891413
canonical,B2_sweep,3,800,85,structured,GATT,g=4_t=7,4.0,7.0,3.0,plain,3.872569120968021,0.07077176970297523,3.731318010232149,3.75690703240918,3.986768268271799,4.011097967742987,0.0,,,,,,,,,3.8230155412891413
canonical,B2_sweep,3,800,85,structured,ES,k=0,,,0.0,plain,3.9203286915384323,0.08045397779932918,3.778290743136358,3.7959720810481827,4.059460430789018,4.090146751598519,0.0,,,,,,,,,3.8230155412891413
canonical,B2_sweep,3,800,85,structured,ES,k=1,,,1.0,plain,3.8789250877170187,0.06738938730661866,3.753317828733235,3.7705222467042856,3.987778745069196,4.017908627068352,0.0,,,,,,,,,3.8230155412891413
canonical,B2_sweep,3,800,85,structured,ES,k=2,,,2.0,plain,3.866455221147594,0.06634089370356935,3.735337190088545,3.75690703240918,3.9702265549633586,3.9908610624706014,0.0,,,,,,,,,3.8230155412891413
canonical,B2_sweep,3,800,85,structured,ES,k=3,,,3.0,plain,3.872569120968021,0.07077176970297523,3.731318010232149,3.75690703240918,3.986768268271799,4.011097967742987,0.0,,,,,,,,,3.8230155412891413
canonical,B2_sweep,3,800,85,structured,ATT,ATT,,,,plain,3.8845695303427674,0.056638483672943746,3.774216382880468,3.7912862496052355,3.975583325856302,3.9912164830832055,0.0,,,,,,,,,3.8230155412891413
canonical,B2_sweep,3,800,85,structured,CATT,surface,,,,plain,,,,,,,,0.24365168507905627,0.15317810697572756,1596.0,0.04275224375944003,0.9454887218045113,0.8285226034014924,0.9154135338345865,0.7003019220892535,
canonical,B2_sweep,3,800,85,structured,GATT,g=4_t=4,4.0,4.0,0.0,corrected,3.9126903663031323,0.18676850954239185,3.5258596551217143,3.610421138120266,4.1750077082831005,4.224677505329002,0.0,,,,,,,,,3.8230155412891413
canonical,B2_sweep,3,800,85,structured,GATT,g=4_t=5,4.0,5.0,1.0,corrected,3.915183528780715,0.1380811813851582,3.644097372572558,3.6838683040973703,4.137735219544995,4.178714790739039,0.0,,,,,,,,,3.8230155412891413
canonical,B2_sweep,3,800,85,structured,GATT,g=4_t=6,4.0,6.0,2.0,corrected,3.959950665466575,0.14469799981436524,3.696434894882306,3.737974725863537,4.201857973713834,4.2672924669642045,0.0,,,,,,,,,3.8230155412891413
canonical,B2_sweep,3,800,85,structured,GATT,g=4_t=7,4.0,7.0,3.0,corrected,3.987218620369954,0.15234290066269437,3.708056107225319,3.7494378088526137,4.231926749656829,4.282635435358148,0.0,,,,,,,,,3.8230155412891413
canonical,B2_sweep,3,800,85,structured,ES,k=0,,,0.0,corrected,3.9126903663031323,0.18676850954239185,3.5258596551217143,3.610421138120266,4.1750077082831005,4.224677505329002,0.0,,,,,,,,,3.8230155412891413
canonical,B2_sweep,3,800,85,structured,ES,k=1,,,1.0,corrected,3.915183528780715,0.1380811813851582,3.644097372572558,3.6838683040973703,4.137735219544995,4.178714790739039,0.0,,,,,,,,,3.8230155412891413
canonical,B2_sweep,3,800,85,structured,ES,k=2,,,2.0,corrected,3.959950665466575,0.14469799981436524,3.696434894882306,3.737974725863537,4.201857973713834,4.2672924669642045,0.0,,,,,,,,,3.8230155412891413
canonical,B2_sweep,3,800,85,structured,ES,k=3,,,3.0,corrected,3.987218620369954,0.15234290066269437,3.708056107225319,3.7494378088526137,4.231926749656829,4.282635435358148,0.0,,,,,,,,,3.8230155412891413
canonical,B2_sweep,3,800,85,structured,ATT,ATT,,,,corrected,3.943760795230094,0.11695789868586971,3.7135194872712454,3.7534900788320424,4.132309103685169,4.165928166314148,0.0,,,,,,,,,3.8230155412891413
canonical,B2_sweep,3,800,85,structured,CATT,surface,,,,corrected,,,,,,,,1.1591949542790485,0.860545435189706,1596.0,0.25129161070467365,0.31203007518796994,0.5947180421471241,0.29135338345864664,0.4912064185662429,
canonical,B2_sweep,3,800,86,structured,GATT,g=4_t=4,4.0,4.0,0.0,plain,3.7083412567463694,0.06900267767792823,3.580686898968203,3.6003727928944875,3.8219992875744473,3.8457230831427194,0.0,,,,,,,,,3.699544428957018
canonical,B2_sweep,3,800,86,structured,GATT,g=4_t=5,4.0,5.0,1.0,plain,3.706152705780627,0.06446958185185965,3.5848430928185704,3.604923753342692,3.8142092520682933,3.8350064803823294,0.0,,,,,,,,,3.699544428957018
canonical,B2_sweep,3,800,86,structured,GATT,g=4_t=6,4.0,6.0,2.0,plain,3.706249584788363,0.0679531790212864,3.5830950374730177,3.5993471406551194,3.8218253362145314,3.8431534794234183,0.0,,,,,,,,,3.699544428957018
canonical,B2_sweep,3,800,86,structured,GATT,g=4_t=7,4.0,7.0,3.0,plain,3.6588434131816308,0.081345463474658,3.486189829355377,3.510728825367392,3.780666969722554,3.80356348921681,0.0,,,,,,,,,3.699544428957018
canonical,B2_sweep,3,800,86,structured,ES,k=0,,,0.0,plain,3.7083412567463694,0.06900267767792823,3.580686898968203,3.6003727928944875,3.8219992875744473,3.8457230831427194,0.0,,,,,,,,,3.699544428957018
canonical,B2_sweep,3,800,86,structured,ES,k=1,,,1.0,plain,3.706152705780627,0.06446958185185965,3.5848430928185704,3.604923753342692,3.8142092520682933,3.8350064803823294,0.0,,,,,,,,,3.699544428957018
canonical,B2_sweep,3,800,86,structured,ES,k=2,,,2.0,plain,3.706249584788363,0.0679531790212864,3.5830950374730177,3.5993471406551194,3.8218253362145314,3.8431534794234183,0.0,,,,,,,,,3.699544428957018
canonical,B2_sweep,3,800,86,structured,ES,k=3,,,3.0,plain,3.6588434131816308,0.081345463474658,3.486189829355377,3.510728825367392,3.780666969722554,3.80356348921681,0.0,,,,,,,,,3.699544428957018
canonical,B2_sweep,3,800,86,structured,ATT,ATT,,,,plain,3.6948967401242467,0.05686121637371882,3.5862375096279244,3.6051329078039243,3.7896548808321056,3.8044259579440505,0.0,,,,,,,,,3.6995444289570174
canonical,B2_sweep,3,800,86,structured,CATT,surface,,,,plain,,,,,,,,0.20271112461264784,0.12618514234282727,1588.0,0.03440277279422757,0.9924433249370277,0.8185416449958336,0.9899244332493703,0.6922894675486573,
canonical,B2_sweep,3,800,86,structured,GATT,g=4_t=4,4.0,4.0,0.0,corrected,3.6695929545821344,0.11804032614570914,3.436761938217437,3.4835121230698647,3.860156018181424,3.910876165722655,0.0,,,,,,,,,3.699544428957018
canonical,B2_sweep,3,800,86,structured,GATT,g=4_t=5,4.0,5.0,1.0,corrected,3.672915097983001,0.11730375468476828,3.441135210131941,3.482830761628309,3.8719546540485674,3.906876624750078,0.0,,,,,,,,,3.699544428957018
canonical,B2_sweep,3,800,86,structured,GATT,g=4_t=6,4.0,6.0,2.0,corrected,3.7251354618263552,0.10649048762260054,3.5205399141089293,3.5496414377546683,3.900925942856516,3.921807978864322,0.0,,,,,,,,,3.699544428957018
canonical,B2_sweep,3,800,86,structured,GATT,g=4_t=7,4.0,7.0,3.0,corrected,3.574478778534574,0.11905265259447473,3.3301999437372825,3.3767102155439424,3.7731794736664277,3.8118556459689494,0.0,,,,,,,,,3.699544428957018
canonical,B2_sweep,3,800,86,structured,ES,k=0,,,0.0,corrected,3.6695929545821344,0.11804032614570914,3.436761938217437,3.4835121230698647,3.860156018181424,3.910876165722655,0.0,,,,,,,,,3.699544428957018
canonical,B2_sweep,3,800,86,structured,ES,k=1,,,1.0,corrected,3.672915097983001,0.11730375468476828,3.441135210131941,3.482830761628309,3.8719546540485674,3.906876624750078,0.0,,,,,,,,,3.699544428957018
canonical,B2_sweep,3,800,86,structured,ES,k=2,,,2.0,corrected,3.7251354618263552,0.10649048762260054,3.5205399141089293,3.5496414377546683,3.900925942856516,3.921807978864322,0.0,,,,,,,,,3.699544428957018
canonical,B2_sweep,3,800,86,structured,ES,k=3,,,3.0,corrected,3.574478778534574,0.11905265259447473,3.3301999437372825,3.3767102155439424,3.7731794736664277,3.8118556459689494,0.0,,,,,,,,,3.699544428957018
canonical,B2_sweep,3,800,86,structured,ATT,ATT,,,,corrected,3.660530573231516,0.09547230920696954,3.4766404083463316,3.5087479523344083,3.818862802659269,3.858379288535568,0.0,,,,,,,,,3.6995444289570174
canonical,B2_sweep,3,800,86,structured,CATT,surface,,,,corrected,,,,,,,,1.058323451808597,0.8723252094089932,1588.0,0.25206043364090236,0.04345088161209068,0.45569485227760365,0.0327455919395466,0.37838038768903764,
canonical,B2_sweep,3,800,87,structured,GATT,g=4_t=4,4.0,4.0,0.0,plain,3.566061829319963,0.07493483999078975,3.4137411582689285,3.4441576987674343,3.6868330018518156,3.71527378706511,0.0,,,,,,,,,3.7185461808241387
canonical,B2_sweep,3,800,87,structured,GATT,g=4_t=5,4.0,5.0,1.0,plain,3.563908165791034,0.07043715557913537,3.4227223885325135,3.4486570954818108,3.677742068969197,3.6945965051286924,0.0,,,,,,,,,3.7185461808241387
canonical,B2_sweep,3,800,87,structured,GATT,g=4_t=6,4.0,6.0,2.0,plain,3.5931965494988045,0.06919115825117074,3.4589390044682853,3.4823041029805513,3.710714065200595,3.731773887488403,0.0,,,,,,,,,3.7185461808241387
canonical,B2_sweep,3,800,87,structured,GATT,g=4_t=7,4.0,7.0,3.0,plain,3.6220687683402932,0.08069747389575009,3.4743414370511885,3.4995695682043557,3.764400198233148,3.791735473349186,0.0,,,,,,,,,3.7185461808241387
canonical,B2_sweep,3,800,87,structured,ES,k=0,,,0.0,plain,3.566061829319963,0.07493483999078975,3.4137411582689285,3.4441576987674343,3.6868330018518156,3.71527378706511,0.0,,,,,,,,,3.7185461808241387
canonical,B2_sweep,3,800,87,structured,ES,k=1,,,1.0,plain,3.563908165791034,0.07043715557913537,3.4227223885325135,3.4486570954818108,3.677742068969197,3.6945965051286924,0.0,,,,,,,,,3.7185461808241387
canonical,B2_sweep,3,800,87,structured,ES,k=2,,,2.0,plain,3.5931965494988045,0.06919115825117074,3.4589390044682853,3.4823041029805513,3.710714065200595,3.731773887488403,0.0,,,,,,,,,3.7185461808241387
canonical,B2_sweep,3,800,87,structured,ES,k=3,,,3.0,plain,3.6220687683402932,0.08069747389575009,3.4743414370511885,3.4995695682043557,3.764400198233148,3.791735473349186,0.0,,,,,,,,,3.7185461808241387
canonical,B2_sweep,3,800,87,structured,ATT,ATT,,,,plain,3.586308828237523,0.05950555621658692,3.4696012600538237,3.4860717790172697,3.683081714537356,3.7011168197842297,0.0,,,,,,,,,3.7185461808241387
canonical,B2_sweep,3,800,87,structured,CATT,surface,,,,plain,,,,,,,,0.30183768741596545,0.22187373028753068,1596.0,0.06046443121963695,0.931077694235589,0.7821361033711648,0.8521303258145363,0.6613386991334724,
canonical,B2_sweep,3,800,87,structured,GATT,g=4_t=4,4.0,4.0,0.0,corrected,3.550123932482096,0.11125305509030713,3.329959974892742,3.3653528826186756,3.7316533046080753,3.7574670024195367,0.0,,,,,,,,,3.7185461808241387
canonical,B2_sweep,3,800,87,structured,GATT,g=4_t=5,4.0,5.0,1.0,corrected,3.5051127404806066,0.11762589283157288,3.274763717979519,3.309960937551424,3.702471663548172,3.7348000505212555,0.0,,,,,,,,,3.7185461808241387
canonical,B2_sweep,3,800,87,structured,GATT,g=4_t=6,4.0,6.0,2.0,corrected,3.587687259598971,0.11306739096841273,3.3591955506187965,3.395458371663063,3.7779909880152536,3.818134106920302,0.0,,,,,,,,,3.7185461808241387
canonical,B2_sweep,3,800,87,structured,GATT,g=4_t=7,4.0,7.0,3.0,corrected,3.652485417171493,0.11475853494158,3.433930163697088,3.4680214292242684,3.8398605538593333,3.879382394279413,0.0,,,,,,,,,3.7185461808241387
canonical,B2_sweep,3,800,87,structured,ES,k=0,,,0.0,corrected,3.550123932482096,0.11125305509030713,3.329959974892742,3.3653528826186756,3.7316533046080753,3.7574670024195367,0.0,,,,,,,,,3.7185461808241387
canonical,B2_sweep,3,800,87,structured,ES,k=1,,,1.0,corrected,3.5051127404806066,0.11762589283157288,3.274763717979519,3.309960937551424,3.702471663548172,3.7348000505212555,0.0,,,,,,,,,3.7185461808241387
canonical,B2_sweep,3,800,87,structured,ES,k=2,,,2.0,corrected,3.587687259598971,0.11306739096841273,3.3591955506187965,3.395458371663063,3.7779909880152536,3.818134106920302,0.0,,,,,,,,,3.7185461808241387
canonical,B2_sweep,3,800,87,structured,ES,k=3,,,3.0,corrected,3.652485417171493,0.11475853494158,3.433930163697088,3.4680214292242684,3.8398605538593333,3.879382394279413,0.0,,,,,,,,,3.7185461808241387
canonical,B2_sweep,3,800,87,structured,ATT,ATT,,,,corrected,3.573852337433292,0.09661393648457976,3.383672949682983,3.4133988904300656,3.733633901657759,3.765490464136272,0.0,,,,,,,,,3.7185461808241387
canonical,B2_sweep,3,800,87,structured,CATT,surface,,,,corrected,,,,,,,,1.0640438469641698,0.8835744890548102,1596.0,0.2471352180876641,0.03696741854636591,0.4479835367380903,0.03195488721804511,0.37829572224335084,
canonical,B2_sweep,3,800,88,structured,GATT,g=4_t=4,4.0,4.0,0.0,plain,3.730460877668384,0.07760016422113004,3.5794018919841464,3.6030139159611703,3.8590416395988587,3.8880697578626267,0.0,,,,,,,,,3.7078365163130664
canonical,B2_sweep,3,800,88,structured,GATT,g=4_t=5,4.0,5.0,1.0,plain,3.7180272116504365,0.07647007689609807,3.556369058265991,3.5875707121692746,3.8398464182796697,3.8641147813909256,0.0,,,,,,,,,3.7078365163130664
canonical,B2_sweep,3,800,88,structured,GATT,g=4_t=6,4.0,6.0,2.0,plain,3.77437361124793,0.0777817058949538,3.6331195960547253,3.655829745630491,3.9079283803420894,3.939144815452966,0.0,,,,,,,,,3.7078365163130664
canonical,B2_sweep,3,800,88,structured,GATT,g=4_t=7,4.0,7.0,3.0,plain,3.7803328303574473,0.07788908286336259,3.6351345618448914,3.65415591211514,3.9072324579109727,3.9342831888220076,0.0,,,,,,,,,3.7078365163130664
canonical,B2_sweep,3,800,88,structured,ES,k=0,,,0.0,plain,3.730460877668384,0.07760016422113004,3.5794018919841464,3.6030139159611703,3.8590416395988587,3.8880697578626267,0.0,,,,,,,,,3.7078365163130664
canonical,B2_sweep,3,800,88,structured,ES,k=1,,,1.0,plain,3.7180272116504365,0.07647007689609807,3.556369058265991,3.5875707121692746,3.8398464182796697,3.8641147813909256,0.0,,,,,,,,,3.7078365163130664
canonical,B2_sweep,3,800,88,structured,ES,k=2,,,2.0,plain,3.77437361124793,0.0777817058949538,3.6331195960547253,3.655829745630491,3.9079283803420894,3.939144815452966,0.0,,,,,,,,,3.7078365163130664
canonical,B2_sweep,3,800,88,structured,ES,k=3,,,3.0,plain,3.7803328303574473,0.07788908286336259,3.6351345618448914,3.65415591211514,3.9072324579109727,3.9342831888220076,0.0,,,,,,,,,3.7078365163130664
canonical,B2_sweep,3,800,88,structured,ATT,ATT,,,,plain,3.750798632731049,0.06122536281035082,3.633672834468777,3.6500643473680086,3.857480753718748,3.8731951470008075,0.0,,,,,,,,,3.7078365163130664
canonical,B2_sweep,3,800,88,structured,CATT,surface,,,,plain,,,,,,,,0.25423950926031275,0.19546444972187302,1656.0,0.0533510055614797,0.8852657004830918,0.7574843578147328,0.7940821256038647,0.6382480509483853,
canonical,B2_sweep,3,800,88,structured,GATT,g=4_t=4,4.0,4.0,0.0,corrected,3.860461082762272,0.11186285807498336,3.6459027444089935,3.6765271709108576,4.046734307570087,4.082292820337552,0.0,,,,,,,,,3.7078365163130664
canonical,B2_sweep,3,800,88,structured,GATT,g=4_t=5,4.0,5.0,1.0,corrected,3.7585209247532942,0.1157785215464426,3.5290592772108966,3.5734336505154443,3.94863063852747,3.9796607092624137,0.0,,,,,,,,,3.7078365163130664
canonical,B2_sweep,3,800,88,structured,GATT,g=4_t=6,4.0,6.0,2.0,corrected,3.950860439312805,0.11813229106480468,3.717627694835344,3.7561153185908913,4.148771013743264,4.187353403597746,0.0,,,,,,,,,3.7078365163130664
canonical,B2_sweep,3,800,88,structured,GATT,g=4_t=7,4.0,7.0,3.0,corrected,3.899952852246181,0.11463001396630446,3.678686907832922,3.7129568783974864,4.085717299736915,4.115853861651442,0.0,,,,,,,,,3.7078365163130664
canonical,B2_sweep,3,800,88,structured,ES,k=0,,,0.0,corrected,3.860461082762272,0.11186285807498336,3.6459027444089935,3.6765271709108576,4.046734307570087,4.082292820337552,0.0,,,,,,,,,3.7078365163130664
canonical,B2_sweep,3,800,88,structured,ES,k=1,,,1.0,corrected,3.7585209247532942,0.1157785215464426,3.5290592772108966,3.5734336505154443,3.94863063852747,3.9796607092624137,0.0,,,,,,,,,3.7078365163130664
canonical,B2_sweep,3,800,88,structured,ES,k=2,,,2.0,corrected,3.950860439312805,0.11813229106480468,3.717627694835344,3.7561153185908913,4.148771013743264,4.187353403597746,0.0,,,,,,,,,3.7078365163130664
canonical,B2_sweep,3,800,88,structured,ES,k=3,,,3.0,corrected,3.899952852246181,0.11463001396630446,3.678686907832922,3.7129568783974864,4.085717299736915,4.115853861651442,0.0,,,,,,,,,3.7078365163130664
canonical,B2_sweep,3,800,88,structured,ATT,ATT,,,,corrected,3.867448824768638,0.09550957411710892,3.685336139409812,3.7140464068185097,4.021091082535566,4.050453191567651,0.0,,,,,,,,,3.7078365163130664
canonical,B2_sweep,3,800,88,structured,CATT,surface,,,,corrected,,,,,,,,1.0363070280472413,0.815340955209477,1656.0,0.2512123471959258,0.24214975845410627,0.4484710426402495,0.20652173913043478,0.3777050602907641,
canonical,B2_sweep,3,800,89,structured,GATT,g=4_t=4,4.0,4.0,0.0,plain,3.798478743646559,0.08554565930618546,3.6465223263540114,3.6670949126673427,3.9504090600270074,3.9798505482572284,0.0,,,,,,,,,3.7118363657817603
canonical,B2_sweep,3,800,89,structured,GATT,g=4_t=5,4.0,5.0,1.0,plain,3.742365671070937,0.07870636468222887,3.593925893771655,3.616162924786042,3.871635040312105,3.9017208698505157,0.0,,,,,,,,,3.7118363657817603
canonical,B2_sweep,3,800,89,structured,GATT,g=4_t=6,4.0,6.0,2.0,plain,3.718214189782086,0.07738427985908723,3.5643643104971376,3.5884981362861192,3.8453574555523975,3.866200747276349,0.0,,,,,,,,,3.7118363657817603
canonical,B2_sweep,3,800,89,structured,GATT,g=4_t=7,4.0,7.0,3.0,plain,3.6477787463419555,0.08778550637045032,3.467918520276848,3.4978481943436446,3.7846051887990186,3.8079002214455184,0.0,,,,,,,,,3.7118363657817603
canonical,B2_sweep,3,800,89,structured,ES,k=0,,,0.0,plain,3.798478743646559,0.08554565930618546,3.6465223263540114,3.6670949126673427,3.9504090600270074,3.9798505482572284,0.0,,,,,,,,,3.7118363657817603
canonical,B2_sweep,3,800,89,structured,ES,k=1,,,1.0,plain,3.742365671070937,0.07870636468222887,3.593925893771655,3.616162924786042,3.871635040312105,3.9017208698505157,0.0,,,,,,,,,3.7118363657817603
canonical,B2_sweep,3,800,89,structured,ES,k=2,,,2.0,plain,3.718214189782086,0.07738427985908723,3.5643643104971376,3.5884981362861192,3.8453574555523975,3.866200747276349,0.0,,,,,,,,,3.7118363657817603
canonical,B2_sweep,3,800,89,structured,ES,k=3,,,3.0,plain,3.6477787463419555,0.08778550637045032,3.467918520276848,3.4978481943436446,3.7846051887990186,3.8079002214455184,0.0,,,,,,,,,3.7118363657817603
canonical,B2_sweep,3,800,89,structured,ATT,ATT,,,,plain,3.726709337710384,0.05892041268716452,3.6155635684106087,3.63160681554503,3.825075594912799,3.84373779755814,0.0,,,,,,,,,3.71183636578176
canonical,B2_sweep,3,800,89,structured,CATT,surface,,,,plain,,,,,,,,0.21059748463089245,0.1466420086891107,1580.0,0.03926966523101586,0.9854430379746836,0.8159839581430522,0.9721518987341772,0.6881357840771688,
canonical,B2_sweep,3,800,89,structured,GATT,g=4_t=4,4.0,4.0,0.0,corrected,3.780509882318742,0.1177384933698358,3.5527604046419117,3.5847633327421637,3.977770816964971,4.008847388714898,0.0,,,,,,,,,3.7118363657817603
canonical,B2_sweep,3,800,89,structured,GATT,g=4_t=5,4.0,5.0,1.0,corrected,3.6824717303938312,0.12015765352951586,3.4512568971124193,3.4824802955771,3.886002717900465,3.917508301229326,0.0,,,,,,,,,3.7118363657817603
canonical,B2_sweep,3,800,89,structured,GATT,g=4_t=6,4.0,6.0,2.0,corrected,3.693515614655748,0.11526289276606869,3.4690625810892937,3.4984268447516955,3.8843271738859895,3.9228549737040446,0.0,,,,,,,,,3.7118363657817603
canonical,B2_sweep,3,800,89,structured,GATT,g=4_t=7,4.0,7.0,3.0,corrected,3.55837462512493,0.12232255382666413,3.3278616395560268,3.358350811377059,3.7561866350077864,3.792930221339248,0.0,,,,,,,,,3.7118363657817603
canonical,B2_sweep,3,800,89,structured,ES,k=0,,,0.0,corrected,3.780509882318742,0.1177384933698358,3.5527604046419117,3.5847633327421637,3.977770816964971,4.008847388714898,0.0,,,,,,,,,3.7118363657817603
canonical,B2_sweep,3,800,89,structured,ES,k=1,,,1.0,corrected,3.6824717303938312,0.12015765352951586,3.4512568971124193,3.4824802955771,3.886002717900465,3.917508301229326,0.0,,,,,,,,,3.7118363657817603
canonical,B2_sweep,3,800,89,structured,ES,k=2,,,2.0,corrected,3.693515614655748,0.11526289276606869,3.4690625810892937,3.4984268447516955,3.8843271738859895,3.9228549737040446,0.0,,,,,,,,,3.7118363657817603
canonical,B2_sweep,3,800,89,structured,ES,k=3,,,3.0,corrected,3.55837462512493,0.12232255382666413,3.3278616395560268,3.358350811377059,3.7561866350077864,3.792930221339248,0.0,,,,,,,,,3.7118363657817603
canonical,B2_sweep,3,800,89,structured,ATT,ATT,,,,corrected,3.6787179631233133,0.10043022089733637,3.4861879096258455,3.5144961530774115,3.848485423437538,3.8827534365660785,0.0,,,,,,,,,3.71183636578176
canonical,B2_sweep,3,800,89,structured,CATT,surface,,,,corrected,,,,,,,,0.9794166271136041,0.838209253031065,1580.0,0.2448802015242577,0.07025316455696203,0.4602998406469663,0.05569620253164557,0.39506651482779837,
canonical,B2_sweep,3,800,90,structured,GATT,g=4_t=4,4.0,4.0,0.0,plain,3.7945382273371906,0.07656186049808386,3.6535338116284968,3.6757619699371324,3.9237728115693744,3.952629871961792,0.0,,,,,,,,,3.816576001581944
canonical,B2_sweep,3,800,90,structured,GATT,g=4_t=5,4.0,5.0,1.0,plain,3.7736077869293476,0.06806629431101374,3.6435423821506228,3.664614340945547,3.887794759859493,3.9074294075450373,0.0,,,,,,,,,3.816576001581944
canonical,B2_sweep,3,800,90,structured,GATT,g=4_t=6,4.0,6.0,2.0,plain,3.7591318067582056,0.06637848245629918,3.6309701639919623,3.6534612205294836,3.8702659015639678,3.894336398508936,0.0,,,,,,,,,3.816576001581944
canonical,B2_sweep,3,800,90,structured,GATT,g=4_t=7,4.0,7.0,3.0,plain,3.7378973656151704,0.07486481580735631,3.5835572360750083,3.612178121762533,3.8480043935865806,3.8736688701387303,0.0,,,,,,,,,3.816576001581944
canonical,B2_sweep,3,800,90,structured,ES,k=0,,,0.0,plain,3.7945382273371906,0.07656186049808386,3.6535338116284968,3.6757619699371324,3.9237728115693744,3.952629871961792,0.0,,,,,,,,,3.816576001581944
canonical,B2_sweep,3,800,90,structured,ES,k=1,,,1.0,plain,3.7736077869293476,0.06806629431101374,3.6435423821506228,3.664614340945547,3.887794759859493,3.9074294075450373,0.0,,,,,,,,,3.816576001581944
canonical,B2_sweep,3,800,90,structured,ES,k=2,,,2.0,plain,3.7591318067582056,0.06637848245629918,3.6309701639919623,3.6534612205294836,3.8702659015639678,3.894336398508936,0.0,,,,,,,,,3.816576001581944
canonical,B2_sweep,3,800,90,structured,ES,k=3,,,3.0,plain,3.7378973656151704,0.07486481580735631,3.5835572360750083,3.612178121762533,3.8480043935865806,3.8736688701387303,0.0,,,,,,,,,3.816576001581944
canonical,B2_sweep,3,800,90,structured,ATT,ATT,,,,plain,3.7662937966599785,0.057764014276725825,3.6535227012809677,3.6728776871848896,3.8609288177782863,3.8790816807869075,0.0,,,,,,,,,3.816576001581944
canonical,B2_sweep,3,800,90,structured,CATT,surface,,,,plain,,,,,,,,0.266267988165438,0.18394174187673662,1628.0,0.04663321244899758,0.9674447174447175,0.7625684430143036,0.914004914004914,0.6370092797342262,
canonical,B2_sweep,3,800,90,structured,GATT,g=4_t=4,4.0,4.0,0.0,corrected,3.7473561920850527,0.11019563190775529,3.533908396753463,3.564797119202571,3.933404409396472,3.9682017896246755,0.0,,,,,,,,,3.816576001581944
canonical,B2_sweep,3,800,90,structured,GATT,g=4_t=5,4.0,5.0,1.0,corrected,3.6825037089624977,0.11362013487025355,3.4551071344732494,3.4970213718840037,3.864810926289228,3.9070148094628245,0.0,,,,,,,,,3.816576001581944
canonical,B2_sweep,3,800,90,structured,GATT,g=4_t=6,4.0,6.0,2.0,corrected,3.655854987991892,0.11923627218005611,3.420070941684469,3.461244764453141,3.8490689046060154,3.900214254049221,0.0,,,,,,,,,3.816576001581944
canonical,B2_sweep,3,800,90,structured,GATT,g=4_t=7,4.0,7.0,3.0,corrected,3.6263360260825976,0.1141924049193167,3.408476648971048,3.4455347329017187,3.8074013202781405,3.8548970876295723,0.0,,,,,,,,,3.816576001581944
canonical,B2_sweep,3,800,90,structured,ES,k=0,,,0.0,corrected,3.7473561920850527,0.11019563190775529,3.533908396753463,3.564797119202571,3.933404409396472,3.9682017896246755,0.0,,,,,,,,,3.816576001581944
canonical,B2_sweep,3,800,90,structured,ES,k=1,,,1.0,corrected,3.6825037089624977,0.11362013487025355,3.4551071344732494,3.4970213718840037,3.864810926289228,3.9070148094628245,0.0,,,,,,,,,3.816576001581944
canonical,B2_sweep,3,800,90,structured,ES,k=2,,,2.0,corrected,3.655854987991892,0.11923627218005611,3.420070941684469,3.461244764453141,3.8490689046060154,3.900214254049221,0.0,,,,,,,,,3.816576001581944
canonical,B2_sweep,3,800,90,structured,ES,k=3,,,3.0,corrected,3.6263360260825976,0.1141924049193167,3.408476648971048,3.4455347329017187,3.8074013202781405,3.8548970876295723,0.0,,,,,,,,,3.816576001581944
canonical,B2_sweep,3,800,90,structured,ATT,ATT,,,,corrected,3.6780127287805104,0.09570892291166984,3.4951474019910056,3.524442964230863,3.835983806002304,3.868048990019955,0.0,,,,,,,,,3.816576001581944
canonical,B2_sweep,3,800,90,structured,CATT,surface,,,,corrected,,,,,,,,1.058063076509475,0.8495343860012721,1628.0,0.23407572793534287,0.0644963144963145,0.45319120472101604,0.03501228501228501,0.37152189303210537,
canonical,B2_sweep,3,800,91,structured,GATT,g=4_t=4,4.0,4.0,0.0,plain,3.6265628651763535,0.06883116649194065,3.4922403870954084,3.5124753427017747,3.7362079528759025,3.7555764496346913,0.0,,,,,,,,,3.7178672196086366
canonical,B2_sweep,3,800,91,structured,GATT,g=4_t=5,4.0,5.0,1.0,plain,3.637566445777586,0.06436517589241925,3.5116354813836392,3.532914654683544,3.738672383639799,3.7602610876250506,0.0,,,,,,,,,3.7178672196086366
canonical,B2_sweep,3,800,91,structured,GATT,g=4_t=6,4.0,6.0,2.0,plain,3.640106129684478,0.06572982038271188,3.505844908464894,3.5319179303542874,3.7439947264753095,3.767369211445939,0.0,,,,,,,,,3.7178672196086366
canonical,B2_sweep,3,800,91,structured,GATT,g=4_t=7,4.0,7.0,3.0,plain,3.647718149134306,0.07354262395359937,3.495044389776938,3.526890099702714,3.768063704645545,3.8035518982614285,0.0,,,,,,,,,3.7178672196086366
canonical,B2_sweep,3,800,91,structured,ES,k=0,,,0.0,plain,3.6265628651763535,0.06883116649194065,3.4922403870954084,3.5124753427017747,3.7362079528759025,3.7555764496346913,0.0,,,,,,,,,3.7178672196086366
canonical,B2_sweep,3,800,91,structured,ES,k=1,,,1.0,plain,3.637566445777586,0.06436517589241925,3.5116354813836392,3.532914654683544,3.738672383639799,3.7602610876250506,0.0,,,,,,,,,3.7178672196086366
canonical,B2_sweep,3,800,91,structured,ES,k=2,,,2.0,plain,3.640106129684478,0.06572982038271188,3.505844908464894,3.5319179303542874,3.7439947264753095,3.767369211445939,0.0,,,,,,,,,3.7178672196086366
canonical,B2_sweep,3,800,91,structured,ES,k=3,,,3.0,plain,3.647718149134306,0.07354262395359937,3.495044389776938,3.526890099702714,3.768063704645545,3.8035518982614285,0.0,,,,,,,,,3.7178672196086366
canonical,B2_sweep,3,800,91,structured,ATT,ATT,,,,plain,3.6379883974431806,0.058015599791405206,3.5230024738831514,3.5427383323311337,3.7315947322202465,3.750348351543843,0.0,,,,,,,,,3.717867219608637
canonical,B2_sweep,3,800,91,structured,CATT,surface,,,,plain,,,,,,,,0.29880316575042626,0.178053922250213,1524.0,0.041496730148957675,0.9416010498687664,0.783913417001928,0.905511811023622,0.659341017730303,
canonical,B2_sweep,3,800,91,structured,GATT,g=4_t=4,4.0,4.0,0.0,corrected,3.688735696469868,0.10740554045972696,3.480302203902593,3.515519940377336,3.864990008462295,3.900002714369679,0.0,,,,,,,,,3.7178672196086366
canonical,B2_sweep,3,800,91,structured,GATT,g=4_t=5,4.0,5.0,1.0,corrected,3.7223486509715387,0.1083030994360531,3.5058394628799374,3.5452237657652015,3.891240988793376,3.935305264661472,0.0,,,,,,,,,3.7178672196086366
canonical,B2_sweep,3,800,91,structured,GATT,g=4_t=6,4.0,6.0,2.0,corrected,3.717872173264707,0.1092641961443666,3.506620687519347,3.542040804451804,3.8972131607467198,3.9271315900499295,0.0,,,,,,,,,3.7178672196086366
canonical,B2_sweep,3,800,91,structured,GATT,g=4_t=7,4.0,7.0,3.0,corrected,3.745721993955957,0.11316482605839882,3.5211826779171966,3.5602325246789874,3.934114767942351,3.964585267419052,0.0,,,,,,,,,3.7178672196086366
canonical,B2_sweep,3,800,91,structured,ES,k=0,,,0.0,corrected,3.688735696469868,0.10740554045972696,3.480302203902593,3.515519940377336,3.864990008462295,3.900002714369679,0.0,,,,,,,,,3.7178672196086366
canonical,B2_sweep,3,800,91,structured,ES,k=1,,,1.0,corrected,3.7223486509715387,0.1083030994360531,3.5058394628799374,3.5452237657652015,3.891240988793376,3.935305264661472,0.0,,,,,,,,,3.7178672196086366
canonical,B2_sweep,3,800,91,structured,ES,k=2,,,2.0,corrected,3.717872173264707,0.1092641961443666,3.506620687519347,3.542040804451804,3.8972131607467198,3.9271315900499295,0.0,,,,,,,,,3.7178672196086366
canonical,B2_sweep,3,800,91,structured,ES,k=3,,,3.0,corrected,3.745721993955957,0.11316482605839882,3.5211826779171966,3.5602325246789874,3.934114767942351,3.964585267419052,0.0,,,,,,,,,3.7178672196086366
canonical,B2_sweep,3,800,91,structured,ATT,ATT,,,,corrected,3.7186696286655176,0.09113521997455921,3.5326685745889366,3.566509546829766,3.8667588012108105,3.8967319282608925,0.0,,,,,,,,,3.717867219608637
canonical,B2_sweep,3,800,91,structured,CATT,surface,,,,corrected,,,,,,,,1.07763519142942,0.8865174786645976,1524.0,0.25713639285981915,0.05643044619422572,0.42826995107026455,0.03543307086614173,0.35613547266785334,
canonical,B2_sweep,3,800,92,structured,GATT,g=4_t=4,4.0,4.0,0.0,plain,3.6058238642959344,0.10048541428785078,3.4095068303010736,3.4440495508629,3.767043675889157,3.7879078804568516,0.0,,,,,,,,,3.7252289462306556
canonical,B2_sweep,3,800,92,structured,GATT,g=4_t=5,4.0,5.0,1.0,plain,3.7453347139966535,0.07918181671621351,3.603200265047032,3.6246882556368756,3.880134446909555,3.908914987464528,0.0,,,,,,,,,3.7252289462306556
canonical,B2_sweep,3,800,92,structured,GATT,g=4_t=6,4.0,6.0,2.0,plain,3.732827504263958,0.07117223272865489,3.5944577382102785,3.619876192350925,3.8469685394901267,3.8665271892760873,0.0,,,,,,,,,3.7252289462306556
canonical,B2_sweep,3,800,92,structured,GATT,g=4_t=7,4.0,7.0,3.0,plain,3.7423446351079472,0.07823484714783599,3.590679639257471,3.6157236477757695,3.8680771369718103,3.8931966005157705,0.0,,,,,,,,,3.7252289462306556
canonical,B2_sweep,3,800,92,structured,ES,k=0,,,0.0,plain,3.6058238642959344,0.10048541428785078,3.4095068303010736,3.4440495508629,3.767043675889157,3.7879078804568516,0.0,,,,,,,,,3.7252289462306556
canonical,B2_sweep,3,800,92,structured,ES,k=1,,,1.0,plain,3.7453347139966535,0.07918181671621351,3.603200265047032,3.6246882556368756,3.880134446909555,3.908914987464528,0.0,,,,,,,,,3.7252289462306556
canonical,B2_sweep,3,800,92,structured,ES,k=2,,,2.0,plain,3.732827504263958,0.07117223272865489,3.5944577382102785,3.619876192350925,3.8469685394901267,3.8665271892760873,0.0,,,,,,,,,3.7252289462306556
canonical,B2_sweep,3,800,92,structured,ES,k=3,,,3.0,plain,3.7423446351079472,0.07823484714783599,3.590679639257471,3.6157236477757695,3.8680771369718103,3.8931966005157705,0.0,,,,,,,,,3.7252289462306556
canonical,B2_sweep,3,800,92,structured,ATT,ATT,,,,plain,3.7065826794161234,0.05995234380804399,3.5958985218269706,3.6116355123840624,3.8006385956457582,3.816140112071249,0.0,,,,,,,,,3.725228946230655
canonical,B2_sweep,3,800,92,structured,CATT,surface,,,,plain,,,,,,,,0.23122049102473513,0.15453949054886765,1644.0,0.040765925395903325,0.9282238442822385,0.8215266969585602,0.9118004866180048,0.6941931324033652,
canonical,B2_sweep,3,800,92,structured,GATT,g=4_t=4,4.0,4.0,0.0,corrected,3.446126776575773,0.11481526698652546,3.228065122141697,3.2656372732081294,3.642161566732536,3.6823840882294396,0.0,,,,,,,,,3.7252289462306556
canonical,B2_sweep,3,800,92,structured,GATT,g=4_t=5,4.0,5.0,1.0,corrected,3.6745680033202848,0.1163744818541863,3.453957532093462,3.4886434392719683,3.8676754081841005,3.903615916267937,0.0,,,,,,,,,3.7252289462306556
canonical,B2_sweep,3,800,92,structured,GATT,g=4_t=6,4.0,6.0,2.0,corrected,3.6038827730419283,0.11947002498410489,3.3771079948049487,3.417485134884381,3.811499866970172,3.8472858988358634,0.0,,,,,,,,,3.7252289462306556
canonical,B2_sweep,3,800,92,structured,GATT,g=4_t=7,4.0,7.0,3.0,corrected,3.6352234574649973,0.11702776486425985,3.4134229937559613,3.451999646763279,3.8321005971164546,3.872518509083442,0.0,,,,,,,,,3.7252289462306556
canonical,B2_sweep,3,800,92,structured,ES,k=0,,,0.0,corrected,3.446126776575773,0.11481526698652546,3.228065122141697,3.2656372732081294,3.642161566732536,3.6823840882294396,0.0,,,,,,,,,3.7252289462306556
canonical,B2_sweep,3,800,92,structured,ES,k=1,,,1.0,corrected,3.6745680033202848,0.1163744818541863,3.453957532093462,3.4886434392719683,3.8676754081841005,3.903615916267937,0.0,,,,,,,,,3.7252289462306556
canonical,B2_sweep,3,800,92,structured,ES,k=2,,,2.0,corrected,3.6038827730419283,0.11947002498410489,3.3771079948049487,3.417485134884381,3.811499866970172,3.8472858988358634,0.0,,,,,,,,,3.7252289462306556
canonical,B2_sweep,3,800,92,structured,ES,k=3,,,3.0,corrected,3.6352234574649973,0.11702776486425985,3.4134229937559613,3.451999646763279,3.8321005971164546,3.872518509083442,0.0,,,,,,,,,3.7252289462306556
canonical,B2_sweep,3,800,92,structured,ATT,ATT,,,,corrected,3.589950252600746,0.09948189849663652,3.3940815671304234,3.432935578922435,3.759498898187222,3.7902850971224176,0.0,,,,,,,,,3.725228946230655
canonical,B2_sweep,3,800,92,structured,CATT,surface,,,,corrected,,,,,,,,1.0308334414113138,0.8767983375418009,1644.0,0.24671624136849918,0.04805352798053528,0.45831269240515315,0.03710462287104623,0.38241798621887635,
canonical,B2_sweep,3,800,93,structured,GATT,g=4_t=4,4.0,4.0,0.0,plain,3.9683393600267567,0.09262544249935292,3.796818083152744,3.818330616749549,4.123247750266873,4.1520102356053625,0.0,,,,,,,,,3.8161644809555346
canonical,B2_sweep,3,800,93,structured,GATT,g=4_t=5,4.0,5.0,1.0,plain,3.8330007026211095,0.07473967801863035,3.688753117502613,3.711842018526695,3.9531298119960057,3.975913354184698,0.0,,,,,,,,,3.8161644809555346
canonical,B2_sweep,3,800,93,structured,GATT,g=4_t=6,4.0,6.0,2.0,plain,3.8326525545665717,0.0684406510659821,3.6992397979248737,3.7172062086872426,3.9400587159977785,3.962998968389578,0.0,,,,,,,,,3.8161644809555346
canonical,B2_sweep,3,800,93,structured,GATT,g=4_t=7,4.0,7.0,3.0,plain,3.83974404766771,0.071203981938658,3.7025932325979936,3.7215660199371374,3.9532963737647755,3.9801588942591017,0.0,,,,,,,,,3.8161644809555346
canonical,B2_sweep,3,800,93,structured,ES,k=0,,,0.0,plain,3.9683393600267567,0.09262544249935292,3.796818083152744,3.818330616749549,4.123247750266873,4.1520102356053625,0.0,,,,,,,,,3.8161644809555346
canonical,B2_sweep,3,800,93,structured,ES,k=1,,,1.0,plain,3.8330007026211095,0.07473967801863035,3.688753117502613,3.711842018526695,3.9531298119960057,3.975913354184698,0.0,,,,,,,,,3.8161644809555346
canonical,B2_sweep,3,800,93,structured,ES,k=2,,,2.0,plain,3.8326525545665717,0.0684406510659821,3.6992397979248737,3.7172062086872426,3.9400587159977785,3.962998968389578,0.0,,,,,,,,,3.8161644809555346
canonical,B2_sweep,3,800,93,structured,ES,k=3,,,3.0,plain,3.83974404766771,0.071203981938658,3.7025932325979936,3.7215660199371374,3.9532963737647755,3.9801588942591017,0.0,,,,,,,,,3.8161644809555346
canonical,B2_sweep,3,800,93,structured,ATT,ATT,,,,plain,3.868434166220537,0.0563411464367955,3.7612598577711966,3.7768335732745055,3.957854012937753,3.9765333056440775,0.0,,,,,,,,,3.816164480955535
canonical,B2_sweep,3,800,93,structured,CATT,surface,,,,plain,,,,,,,,0.24483651760624328,0.1548296727579924,1636.0,0.041862421964776825,0.980440097799511,0.8021369634037109,0.9584352078239609,0.673540006580601,
canonical,B2_sweep,3,800,93,structured,GATT,g=4_t=4,4.0,4.0,0.0,corrected,3.980427719425075,0.1116632701941427,3.762053954242321,3.790370559315411,4.157558549577175,4.191969117959627,0.0,,,,,,,,,3.8161644809555346
canonical,B2_sweep,3,800,93,structured,GATT,g=4_t=5,4.0,5.0,1.0,corrected,3.7588097720131217,0.11987689843290479,3.523293021516611,3.55986770702382,3.957992948863025,4.001237644828154,0.0,,,,,,,,,3.8161644809555346
canonical,B2_sweep,3,800,93,structured,GATT,g=4_t=6,4.0,6.0,2.0,corrected,3.789542027197147,0.11525884302200735,3.5705536828293254,3.610382577734689,3.980486922806813,4.017497595782895,0.0,,,,,,,,,3.8161644809555346
canonical,B2_sweep,3,800,93,structured,GATT,g=4_t=7,4.0,7.0,3.0,corrected,3.8306910218050056,0.11884358620558533,3.596136608299301,3.6354573319494095,4.030384598765833,4.061942256559452,0.0,,,,,,,,,3.8161644809555346
canonical,B2_sweep,3,800,93,structured,ES,k=0,,,0.0,corrected,3.980427719425075,0.1116632701941427,3.762053954242321,3.790370559315411,4.157558549577175,4.191969117959627,0.0,,,,,,,,,3.8161644809555346
canonical,B2_sweep,3,800,93,structured,ES,k=1,,,1.0,corrected,3.7588097720131217,0.11987689843290479,3.523293021516611,3.55986770702382,3.957992948863025,4.001237644828154,0.0,,,,,,,,,3.8161644809555346
canonical,B2_sweep,3,800,93,structured,ES,k=2,,,2.0,corrected,3.789542027197147,0.11525884302200735,3.5705536828293254,3.610382577734689,3.980486922806813,4.017497595782895,0.0,,,,,,,,,3.8161644809555346
canonical,B2_sweep,3,800,93,structured,ES,k=3,,,3.0,corrected,3.8306910218050056,0.11884358620558533,3.596136608299301,3.6354573319494095,4.030384598765833,4.061942256559452,0.0,,,,,,,,,3.8161644809555346
canonical,B2_sweep,3,800,93,structured,ATT,ATT,,,,corrected,3.8398676351100876,0.09747890959854871,3.6483336835172975,3.6828622733834826,4.002130977022582,4.038398327070334,0.0,,,,,,,,,3.816164480955535
canonical,B2_sweep,3,800,93,structured,CATT,surface,,,,corrected,,,,,,,,1.014767176353623,0.7966855302724263,1636.0,0.2303804748904782,0.2169926650366748,0.4551523370606425,0.1625916870415648,0.3825862109973791,
canonical,B2_sweep,3,800,94,structured,GATT,g=4_t=4,4.0,4.0,0.0,plain,3.98550713977047,0.0706366707269238,3.849663278251663,3.8726440593574263,4.105770993028667,4.134803926963502,0.0,,,,,,,,,3.8650914562646497
canonical,B2_sweep,3,800,94,structured,GATT,g=4_t=5,4.0,5.0,1.0,plain,3.968894906700301,0.0654935747568463,3.838029331599811,3.85922723647179,4.06874683536666,4.092119584261529,0.0,,,,,,,,,3.8650914562646497
canonical,B2_sweep,3,800,94,structured,GATT,g=4_t=6,4.0,6.0,2.0,plain,3.9729411547409903,0.06455384239140642,3.8486541994574637,3.8673780804431463,4.071090765323205,4.095403586911455,0.0,,,,,,,,,3.8650914562646497
canonical,B2_sweep,3,800,94,structured,GATT,g=4_t=7,4.0,7.0,3.0,plain,3.9953946989452502,0.07166054673577708,3.863742213220133,3.882237787446747,4.120148173360914,4.142385584611385,0.0,,,,,,,,,3.8650914562646497
canonical,B2_sweep,3,800,94,structured,ES,k=0,,,0.0,plain,3.98550713977047,0.0706366707269238,3.849663278251663,3.8726440593574263,4.105770993028667,4.134803926963502,0.0,,,,,,,,,3.8650914562646497
canonical,B2_sweep,3,800,94,structured,ES,k=1,,,1.0,plain,3.968894906700301,0.0654935747568463,3.838029331599811,3.85922723647179,4.06874683536666,4.092119584261529,0.0,,,,,,,,,3.8650914562646497
canonical,B2_sweep,3,800,94,structured,ES,k=2,,,2.0,plain,3.9729411547409903,0.06455384239140642,3.8486541994574637,3.8673780804431463,4.071090765323205,4.095403586911455,0.0,,,,,,,,,3.8650914562646497
canonical,B2_sweep,3,800,94,structured,ES,k=3,,,3.0,plain,3.9953946989452502,0.07166054673577708,3.863742213220133,3.882237787446747,4.120148173360914,4.142385584611385,0.0,,,,,,,,,3.8650914562646497
canonical,B2_sweep,3,800,94,structured,ATT,ATT,,,,plain,3.980684475039254,0.0556473288018582,3.874758671677605,3.8876537216791927,4.066186566486594,4.091067916533941,0.0,,,,,,,,,3.8650914562646497
canonical,B2_sweep,3,800,94,structured,CATT,surface,,,,plain,,,,,,,,0.28621703430513656,0.17154460140739047,1572.0,0.04707337272299599,0.9681933842239185,0.8680221658760193,0.9166666666666666,0.732552969775806,
canonical,B2_sweep,3,800,94,structured,GATT,g=4_t=4,4.0,4.0,0.0,corrected,4.010772583332411,0.1157157781805084,3.795658572599615,3.822593316507199,4.2025083426933385,4.23608132024541,0.0,,,,,,,,,3.8650914562646497
canonical,B2_sweep,3,800,94,structured,GATT,g=4_t=5,4.0,5.0,1.0,corrected,3.913424319679892,0.11789801582741026,3.6760043657258707,3.7155142478321057,4.101752687300671,4.1276153527345345,0.0,,,,,,,,,3.8650914562646497
canonical,B2_sweep,3,800,94,structured,GATT,g=4_t=6,4.0,6.0,2.0,corrected,3.926287493711119,0.11456916672352062,3.705468673413306,3.740391433423324,4.116132972118279,4.153532433429267,0.0,,,,,,,,,3.8650914562646497
canonical,B2_sweep,3,800,94,structured,GATT,g=4_t=7,4.0,7.0,3.0,corrected,4.016798371554777,0.11745215409427705,3.791812050468124,3.8280827188223516,4.20822260786788,4.251592119983591,0.0,,,,,,,,,3.8650914562646497
canonical,B2_sweep,3,800,94,structured,ES,k=0,,,0.0,corrected,4.010772583332411,0.1157157781805084,3.795658572599615,3.822593316507199,4.2025083426933385,4.23608132024541,0.0,,,,,,,,,3.8650914562646497
canonical,B2_sweep,3,800,94,structured,ES,k=1,,,1.0,corrected,3.913424319679892,0.11789801582741026,3.6760043657258707,3.7155142478321057,4.101752687300671,4.1276153527345345,0.0,,,,,,,,,3.8650914562646497
canonical,B2_sweep,3,800,94,structured,ES,k=2,,,2.0,corrected,3.926287493711119,0.11456916672352062,3.705468673413306,3.740391433423324,4.116132972118279,4.153532433429267,0.0,,,,,,,,,3.8650914562646497
canonical,B2_sweep,3,800,94,structured,ES,k=3,,,3.0,corrected,4.016798371554777,0.11745215409427705,3.791812050468124,3.8280827188223516,4.20822260786788,4.251592119983591,0.0,,,,,,,,,3.8650914562646497
canonical,B2_sweep,3,800,94,structured,ATT,ATT,,,,corrected,3.9668206920695503,0.09817175520857353,3.782290821723186,3.8066018268969386,4.130979955611903,4.160813810150742,0.0,,,,,,,,,3.8650914562646497
canonical,B2_sweep,3,800,94,structured,CATT,surface,,,,corrected,,,,,,,,1.0791691016192815,0.8054490359350439,1572.0,0.23615402533841887,0.2856234096692112,0.44996939104647166,0.2633587786259542,0.3805087233487968,
canonical,B2_sweep,3,800,95,structured,GATT,g=4_t=4,4.0,4.0,0.0,plain,3.7658727542268218,0.07556439168206448,3.6222692355678783,3.6470115652581403,3.8893132030512185,3.914362494240019,0.0,,,,,,,,,3.7850858216681145
canonical,B2_sweep,3,800,95,structured,GATT,g=4_t=5,4.0,5.0,1.0,plain,3.758646861026945,0.07039385456013011,3.6217826483047846,3.6454063602604156,3.871392875178667,3.8942723984696896,0.0,,,,,,,,,3.7850858216681145
canonical,B2_sweep,3,800,95,structured,GATT,g=4_t=6,4.0,6.0,2.0,plain,3.761662402005871,0.07469815799447588,3.6149005446653906,3.6420010305467865,3.8842600525728894,3.9038353513248127,0.0,,,,,,,,,3.7850858216681145
canonical,B2_sweep,3,800,95,structured,GATT,g=4_t=7,4.0,7.0,3.0,plain,3.8550645089133213,0.0963204331232342,3.686512913474274,3.7075660528855896,4.017006821047199,4.051239196217903,0.0,,,,,,,,,3.7850858216681145
canonical,B2_sweep,3,800,95,structured,ES,k=0,,,0.0,plain,3.7658727542268218,0.07556439168206448,3.6222692355678783,3.6470115652581403,3.8893132030512185,3.914362494240019,0.0,,,,,,,,,3.7850858216681145
canonical,B2_sweep,3,800,95,structured,ES,k=1,,,1.0,plain,3.758646861026945,0.07039385456013011,3.6217826483047846,3.6454063602604156,3.871392875178667,3.8942723984696896,0.0,,,,,,,,,3.7850858216681145
canonical,B2_sweep,3,800,95,structured,ES,k=2,,,2.0,plain,3.761662402005871,0.07469815799447588,3.6149005446653906,3.6420010305467865,3.8842600525728894,3.9038353513248127,0.0,,,,,,,,,3.7850858216681145
canonical,B2_sweep,3,800,95,structured,ES,k=3,,,3.0,plain,3.8550645089133213,0.0963204331232342,3.686512913474274,3.7075660528855896,4.017006821047199,4.051239196217903,0.0,,,,,,,,,3.7850858216681145
canonical,B2_sweep,3,800,95,structured,ATT,ATT,,,,plain,3.78531163154324,0.06136864747465111,3.662616383893785,3.684927862432441,3.883817742546117,3.9041957192429435,0.0,,,,,,,,,3.785085821668115
canonical,B2_sweep,3,800,95,structured,CATT,surface,,,,plain,,,,,,,,0.2641401411026814,0.15671255963952824,1580.0,0.04003102295537931,0.9784810126582278,0.8217316561760709,0.9556962025316456,0.6935355253654916,
canonical,B2_sweep,3,800,95,structured,GATT,g=4_t=4,4.0,4.0,0.0,corrected,3.8010181340718225,0.11301146893643911,3.5861756009407335,3.609741364581647,3.983069904086067,4.03046845672369,0.0,,,,,,,,,3.7850858216681145
canonical,B2_sweep,3,800,95,structured,GATT,g=4_t=5,4.0,5.0,1.0,corrected,3.7456561667917856,0.1131976423703306,3.5341075127980006,3.565599714007767,3.936307450891634,3.968096017499321,0.0,,,,,,,,,3.7850858216681145
canonical,B2_sweep,3,800,95,structured,GATT,g=4_t=6,4.0,6.0,2.0,corrected,3.7515642267132923,0.10947810894317553,3.5476097385439833,3.576577273717258,3.9329342258036504,3.9639601828423685,0.0,,,,,,,,,3.7850858216681145
canonical,B2_sweep,3,800,95,structured,GATT,g=4_t=7,4.0,7.0,3.0,corrected,3.9152950783857645,0.11584059171830531,3.688519230576967,3.724766868110717,4.102693970009667,4.14338647041488,0.0,,,,,,,,,3.7850858216681145
canonical,B2_sweep,3,800,95,structured,ES,k=0,,,0.0,corrected,3.8010181340718225,0.11301146893643911,3.5861756009407335,3.609741364581647,3.983069904086067,4.03046845672369,0.0,,,,,,,,,3.7850858216681145
canonical,B2_sweep,3,800,95,structured,ES,k=1,,,1.0,corrected,3.7456561667917856,0.1131976423703306,3.5341075127980006,3.565599714007767,3.936307450891634,3.968096017499321,0.0,,,,,,,,,3.7850858216681145
canonical,B2_sweep,3,800,95,structured,ES,k=2,,,2.0,corrected,3.7515642267132923,0.10947810894317553,3.5476097385439833,3.576577273717258,3.9329342258036504,3.9639601828423685,0.0,,,,,,,,,3.7850858216681145
canonical,B2_sweep,3,800,95,structured,ES,k=3,,,3.0,corrected,3.9152950783857645,0.11584059171830531,3.688519230576967,3.724766868110717,4.102693970009667,4.14338647041488,0.0,,,,,,,,,3.7850858216681145
canonical,B2_sweep,3,800,95,structured,ATT,ATT,,,,corrected,3.8033834014906653,0.0931935880543676,3.6254027867186336,3.647067042303781,3.956951394746052,3.9905940238485575,0.0,,,,,,,,,3.785085821668115
canonical,B2_sweep,3,800,95,structured,CATT,surface,,,,corrected,,,,,,,,1.0752881069034597,0.8165703339006912,1580.0,0.23194631122343148,0.19683544303797468,0.43737476115514373,0.12468354430379747,0.36958008259340724,
canonical,B2_sweep,3,800,96,structured,GATT,g=4_t=4,4.0,4.0,0.0,plain,3.7557460782434027,0.07693153965313554,3.5917017186651328,3.622337387262038,3.8770950612811097,3.895710575155151,0.0,,,,,,,,,3.8144627193361824
canonical,B2_sweep,3,800,96,structured,GATT,g=4_t=5,4.0,5.0,1.0,plain,3.7756651414843065,0.07475009699688079,3.62443923399967,3.646380691447879,3.890069332478562,3.9120351688900836,0.0,,,,,,,,,3.8144627193361824
canonical,B2_sweep,3,800,96,structured,GATT,g=4_t=6,4.0,6.0,2.0,plain,3.8288331790569017,0.07258088626581306,3.6953149485961823,3.717035666000333,3.9542880434467436,3.9774282710630753,0.0,,,,,,,,,3.8144627193361824
canonical,B2_sweep,3,800,96,structured,GATT,g=4_t=7,4.0,7.0,3.0,plain,3.83493316085721,0.07475685197544418,3.700919344822362,3.7222650463262936,3.9605150670905753,3.984067064679467,0.0,,,,,,,,,3.8144627193361824
canonical,B2_sweep,3,800,96,structured,ES,k=0,,,0.0,plain,3.7557460782434027,0.07693153965313554,3.5917017186651328,3.622337387262038,3.8770950612811097,3.895710575155151,0.0,,,,,,,,,3.8144627193361824
canonical,B2_sweep,3,800,96,structured,ES,k=1,,,1.0,plain,3.7756651414843065,0.07475009699688079,3.62443923399967,3.646380691447879,3.890069332478562,3.9120351688900836,0.0,,,,,,,,,3.8144627193361824
canonical,B2_sweep,3,800,96,structured,ES,k=2,,,2.0,plain,3.8288331790569017,0.07258088626581306,3.6953149485961823,3.717035666000333,3.9542880434467436,3.9774282710630753,0.0,,,,,,,,,3.8144627193361824
canonical,B2_sweep,3,800,96,structured,ES,k=3,,,3.0,plain,3.83493316085721,0.07475685197544418,3.700919344822362,3.7222650463262936,3.9605150670905753,3.984067064679467,0.0,,,,,,,,,3.8144627193361824
canonical,B2_sweep,3,800,96,structured,ATT,ATT,,,,plain,3.798794389910455,0.056771731537574206,3.6843067687361315,3.7066119919436797,3.8887402655671766,3.907547315230219,0.0,,,,,,,,,3.8144627193361824
canonical,B2_sweep,3,800,96,structured,CATT,surface,,,,plain,,,,,,,,0.2335834493790934,0.16322377084953715,1532.0,0.04335771565345935,0.9778067885117493,0.8073101724350354,0.9242819843342036,0.6786896723801706,
canonical,B2_sweep,3,800,96,structured,GATT,g=4_t=4,4.0,4.0,0.0,corrected,3.8328669270216404,0.12280593527328046,3.592386230761769,3.6339851991301213,4.045962415330126,4.085088120287695,0.0,,,,,,,,,3.8144627193361824
canonical,B2_sweep,3,800,96,structured,GATT,g=4_t=5,4.0,5.0,1.0,corrected,3.774968541649499,0.12204072257631682,3.5389370308499535,3.5708596711273954,3.9757289896694488,4.0124190571907015,0.0,,,,,,,,,3.8144627193361824
canonical,B2_sweep,3,800,96,structured,GATT,g=4_t=6,4.0,6.0,2.0,corrected,3.9611913472562095,0.1243160603691216,3.718822471040554,3.755699029104793,4.162119187147328,4.196465587391276,0.0,,,,,,,,,3.8144627193361824
canonical,B2_sweep,3,800,96,structured,GATT,g=4_t=7,4.0,7.0,3.0,corrected,3.944746372815418,0.1233232243379326,3.69924134091704,3.737077484668234,4.148827833238384,4.190078066924166,0.0,,,,,,,,,3.8144627193361824
canonical,B2_sweep,3,800,96,structured,ES,k=0,,,0.0,corrected,3.8328669270216404,0.12280593527328046,3.592386230761769,3.6339851991301213,4.045962415330126,4.085088120287695,0.0,,,,,,,,,3.8144627193361824
canonical,B2_sweep,3,800,96,structured,ES,k=1,,,1.0,corrected,3.774968541649499,0.12204072257631682,3.5389370308499535,3.5708596711273954,3.9757289896694488,4.0124190571907015,0.0,,,,,,,,,3.8144627193361824
canonical,B2_sweep,3,800,96,structured,ES,k=2,,,2.0,corrected,3.9611913472562095,0.1243160603691216,3.718822471040554,3.755699029104793,4.162119187147328,4.196465587391276,0.0,,,,,,,,,3.8144627193361824
canonical,B2_sweep,3,800,96,structured,ES,k=3,,,3.0,corrected,3.944746372815418,0.1233232243379326,3.69924134091704,3.737077484668234,4.148827833238384,4.190078066924166,0.0,,,,,,,,,3.8144627193361824
canonical,B2_sweep,3,800,96,structured,ATT,ATT,,,,corrected,3.8784432971856915,0.10409075890653717,3.676177822348209,3.7129952041676244,4.048357044441142,4.075481107894884,0.0,,,,,,,,,3.8144627193361824
canonical,B2_sweep,3,800,96,structured,CATT,surface,,,,corrected,,,,,,,,1.05195231423011,0.8422776602745293,1532.0,0.2463735187714546,0.2160574412532637,0.4836659395561306,0.18733681462140991,0.4087542603386857,
canonical,B2_sweep,3,800,97,structured,GATT,g=4_t=4,4.0,4.0,0.0,plain,3.651454846346289,0.07475070829803726,3.50366632741068,3.5284802073541663,3.7651041778411165,3.7899771190435447,0.0,,,,,,,,,3.7346704006177474
canonical,B2_sweep,3,800,97,structured,GATT,g=4_t=5,4.0,5.0,1.0,plain,3.65928867241812,0.07170431417576097,3.507698678848081,3.5405047079339327,3.7689752378450136,3.793441865888819,0.0,,,,,,,,,3.7346704006177474
canonical,B2_sweep,3,800,97,structured,GATT,g=4_t=6,4.0,6.0,2.0,plain,3.693267084260567,0.07447413981724244,3.560848716245746,3.5808732992051366,3.8245173196852766,3.8571767279194407,0.0,,,,,,,,,3.7346704006177474
canonical,B2_sweep,3,800,97,structured,GATT,g=4_t=7,4.0,7.0,3.0,plain,3.6770715239422294,0.07130249644697347,3.537437824254233,3.5583379109778344,3.7946837628816352,3.8214190423515113,0.0,,,,,,,,,3.7346704006177474
canonical,B2_sweep,3,800,97,structured,ES,k=0,,,0.0,plain,3.651454846346289,0.07475070829803726,3.50366632741068,3.5284802073541663,3.7651041778411165,3.7899771190435447,0.0,,,,,,,,,3.7346704006177474
canonical,B2_sweep,3,800,97,structured,ES,k=1,,,1.0,plain,3.65928867241812,0.07170431417576097,3.507698678848081,3.5405047079339327,3.7689752378450136,3.793441865888819,0.0,,,,,,,,,3.7346704006177474
canonical,B2_sweep,3,800,97,structured,ES,k=2,,,2.0,plain,3.693267084260567,0.07447413981724244,3.560848716245746,3.5808732992051366,3.8245173196852766,3.8571767279194407,0.0,,,,,,,,,3.7346704006177474
canonical,B2_sweep,3,800,97,structured,ES,k=3,,,3.0,plain,3.6770715239422294,0.07130249644697347,3.537437824254233,3.5583379109778344,3.7946837628816352,3.8214190423515113,0.0,,,,,,,,,3.7346704006177474
canonical,B2_sweep,3,800,97,structured,ATT,ATT,,,,plain,3.6702705317418016,0.059861219407831776,3.555914419782824,3.5719866682902826,3.765590932060188,3.7883730113133334,0.0,,,,,,,,,3.7346704006177474
canonical,B2_sweep,3,800,97,structured,CATT,surface,,,,plain,,,,,,,,0.3020874021308781,0.16753729667664075,1584.0,0.04028265249077346,0.9242424242424242,0.7815337319769858,0.8996212121212122,0.6596682133703152,
canonical,B2_sweep,3,800,97,structured,GATT,g=4_t=4,4.0,4.0,0.0,corrected,3.6133996663420427,0.1177282863621865,3.3894330823485803,3.4191023304957797,3.8065695292084665,3.8530121504212946,0.0,,,,,,,,,3.7346704006177474
canonical,B2_sweep,3,800,97,structured,GATT,g=4_t=5,4.0,5.0,1.0,corrected,3.6057903547321137,0.11720229602283219,3.3730098841229377,3.4121753297902577,3.797592650773914,3.8428315951595167,0.0,,,,,,,,,3.7346704006177474
canonical,B2_sweep,3,800,97,structured,GATT,g=4_t=6,4.0,6.0,2.0,corrected,3.7610097644797835,0.11794589766515043,3.529549951391849,3.5660404970527484,3.958783509545621,4.001322065945754,0.0,,,,,,,,,3.7346704006177474
canonical,B2_sweep,3,800,97,structured,GATT,g=4_t=7,4.0,7.0,3.0,corrected,3.6487933697820516,0.119131916713489,3.4208183217338806,3.451000431641195,3.848589014672047,3.8784400014886957,0.0,,,,,,,,,3.7346704006177474
canonical,B2_sweep,3,800,97,structured,ES,k=0,,,0.0,corrected,3.6133996663420427,0.1177282863621865,3.3894330823485803,3.4191023304957797,3.8065695292084665,3.8530121504212946,0.0,,,,,,,,,3.7346704006177474
canonical,B2_sweep,3,800,97,structured,ES,k=1,,,1.0,corrected,3.6057903547321137,0.11720229602283219,3.3730098841229377,3.4121753297902577,3.797592650773914,3.8428315951595167,0.0,,,,,,,,,3.7346704006177474
canonical,B2_sweep,3,800,97,structured,ES,k=2,,,2.0,corrected,3.7610097644797835,0.11794589766515043,3.529549951391849,3.5660404970527484,3.958783509545621,4.001322065945754,0.0,,,,,,,,,3.7346704006177474
canonical,B2_sweep,3,800,97,structured,ES,k=3,,,3.0,corrected,3.6487933697820516,0.119131916713489,3.4208183217338806,3.451000431641195,3.848589014672047,3.8784400014886957,0.0,,,,,,,,,3.7346704006177474
canonical,B2_sweep,3,800,97,structured,ATT,ATT,,,,corrected,3.657248288833998,0.10015981127729402,3.46305557170513,3.498593908323706,3.8213309255460683,3.8532811882133196,0.0,,,,,,,,,3.7346704006177474
canonical,B2_sweep,3,800,97,structured,CATT,surface,,,,corrected,,,,,,,,1.03842210518238,0.8604766581433266,1584.0,0.24417352649563984,0.07449494949494949,0.4656986433545033,0.05303030303030303,0.390804028805017,
canonical,B2_sweep,3,800,98,structured,GATT,g=4_t=4,4.0,4.0,0.0,plain,3.6602258065629956,0.08023837152347554,3.4919782281181133,3.5253296695354766,3.7859344911766115,3.8093866676297967,0.0,,,,,,,,,3.696773341393996
canonical,B2_sweep,3,800,98,structured,GATT,g=4_t=5,4.0,5.0,1.0,plain,3.703996076425402,0.07191303596095062,3.5697056398389813,3.589125260869041,3.8241236747572485,3.853681279209301,0.0,,,,,,,,,3.696773341393996
canonical,B2_sweep,3,800,98,structured,GATT,g=4_t=6,4.0,6.0,2.0,plain,3.706117454777912,0.07071195647746654,3.5742991213975164,3.5913071391757985,3.821070262081964,3.8486881006143143,0.0,,,,,,,,,3.696773341393996
canonical,B2_sweep,3,800,98,structured,GATT,g=4_t=7,4.0,7.0,3.0,plain,3.692191875744697,0.07625857581837017,3.5415924510787855,3.5669620277535037,3.8109628322824856,3.831212498515839,0.0,,,,,,,,,3.696773341393996
canonical,B2_sweep,3,800,98,structured,ES,k=0,,,0.0,plain,3.6602258065629956,0.08023837152347554,3.4919782281181133,3.5253296695354766,3.7859344911766115,3.8093866676297967,0.0,,,,,,,,,3.696773341393996
canonical,B2_sweep,3,800,98,structured,ES,k=1,,,1.0,plain,3.703996076425402,0.07191303596095062,3.5697056398389813,3.589125260869041,3.8241236747572485,3.853681279209301,0.0,,,,,,,,,3.696773341393996
canonical,B2_sweep,3,800,98,structured,ES,k=2,,,2.0,plain,3.706117454777912,0.07071195647746654,3.5742991213975164,3.5913071391757985,3.821070262081964,3.8486881006143143,0.0,,,,,,,,,3.696773341393996
canonical,B2_sweep,3,800,98,structured,ES,k=3,,,3.0,plain,3.692191875744697,0.07625857581837017,3.5415924510787855,3.5669620277535037,3.8109628322824856,3.831212498515839,0.0,,,,,,,,,3.696773341393996
canonical,B2_sweep,3,800,98,structured,ATT,ATT,,,,plain,3.6906328033777513,0.06033823693952012,3.5742166173243572,3.5910502463027942,3.7883888944026265,3.810568145495575,0.0,,,,,,,,,3.696773341393996
canonical,B2_sweep,3,800,98,structured,CATT,surface,,,,plain,,,,,,,,0.2563583952804279,0.1559463435936303,1420.0,0.04006343450740058,0.9690140845070423,0.7834515637548919,0.9577464788732394,0.6564653130104381,
canonical,B2_sweep,3,800,98,structured,GATT,g=4_t=4,4.0,4.0,0.0,corrected,3.6488879426225225,0.11307688811083065,3.4278905935585935,3.459760427328235,3.839957068268493,3.8848813720147466,0.0,,,,,,,,,3.696773341393996
canonical,B2_sweep,3,800,98,structured,GATT,g=4_t=5,4.0,5.0,1.0,corrected,3.777370572018534,0.11240531126537101,3.563285576377398,3.5916134448127743,3.9660889644310706,4.007781706875632,0.0,,,,,,,,,3.696773341393996
canonical,B2_sweep,3,800,98,structured,GATT,g=4_t=6,4.0,6.0,2.0,corrected,3.765393008818147,0.11138341373840271,3.5480127435760447,3.5859849365985372,3.949219605366665,3.9855253549895284,0.0,,,,,,,,,3.696773341393996
canonical,B2_sweep,3,800,98,structured,GATT,g=4_t=7,4.0,7.0,3.0,corrected,3.682655352422856,0.11393988169725168,3.4604381262492683,3.496781925466842,3.8676059094263744,3.9055595270893946,0.0,,,,,,,,,3.696773341393996
canonical,B2_sweep,3,800,98,structured,ES,k=0,,,0.0,corrected,3.6488879426225225,0.11307688811083065,3.4278905935585935,3.459760427328235,3.839957068268493,3.8848813720147466,0.0,,,,,,,,,3.696773341393996
canonical,B2_sweep,3,800,98,structured,ES,k=1,,,1.0,corrected,3.777370572018534,0.11240531126537101,3.563285576377398,3.5916134448127743,3.9660889644310706,4.007781706875632,0.0,,,,,,,,,3.696773341393996
canonical,B2_sweep,3,800,98,structured,ES,k=2,,,2.0,corrected,3.765393008818147,0.11138341373840271,3.5480127435760447,3.5859849365985372,3.949219605366665,3.9855253549895284,0.0,,,,,,,,,3.696773341393996
canonical,B2_sweep,3,800,98,structured,ES,k=3,,,3.0,corrected,3.682655352422856,0.11393988169725168,3.4604381262492683,3.496781925466842,3.8676059094263744,3.9055595270893946,0.0,,,,,,,,,3.696773341393996
canonical,B2_sweep,3,800,98,structured,ATT,ATT,,,,corrected,3.718576718970515,0.09339141428397192,3.539378375596746,3.5621953272186384,3.8763171683456843,3.901154720777878,0.0,,,,,,,,,3.696773341393996
canonical,B2_sweep,3,800,98,structured,CATT,surface,,,,corrected,,,,,,,,1.066961952145318,0.8893596406694649,1420.0,0.2605820031193222,0.08661971830985915,0.44603023030199934,0.056338028169014086,0.37218270332155357,
canonical,B2_sweep,3,800,99,structured,GATT,g=4_t=4,4.0,4.0,0.0,plain,3.8145012981891724,0.0769598921691225,3.6698068871535017,3.6943766531708127,3.9430926824699184,3.969871643682321,0.0,,,,,,,,,3.7930171653641085
canonical,B2_sweep,3,800,99,structured,GATT,g=4_t=5,4.0,5.0,1.0,plain,3.780833832822753,0.08262884594746404,3.6071860126139685,3.6357832626693605,3.90792116366845,3.9285164881481927,0.0,,,,,,,,,3.7930171653641085
canonical,B2_sweep,3,800,99,structured,GATT,g=4_t=6,4.0,6.0,2.0,plain,3.928454939831184,0.10081759442397298,3.7394999332636685,3.7674664120634302,4.10145331608519,4.128851548285362,0.0,,,,,,,,,3.7930171653641085
canonical,B2_sweep,3,800,99,structured,GATT,g=4_t=7,4.0,7.0,3.0,plain,3.8152871116017018,0.08905550894729626,3.6351198917347127,3.6668896395619437,3.95814792739802,3.9767856262285477,0.0,,,,,,,,,3.7930171653641085
canonical,B2_sweep,3,800,99,structured,ES,k=0,,,0.0,plain,3.8145012981891724,0.0769598921691225,3.6698068871535017,3.6943766531708127,3.9430926824699184,3.969871643682321,0.0,,,,,,,,,3.7930171653641085
canonical,B2_sweep,3,800,99,structured,ES,k=1,,,1.0,plain,3.780833832822753,0.08262884594746404,3.6071860126139685,3.6357832626693605,3.90792116366845,3.9285164881481927,0.0,,,,,,,,,3.7930171653641085
canonical,B2_sweep,3,800,99,structured,ES,k=2,,,2.0,plain,3.928454939831184,0.10081759442397298,3.7394999332636685,3.7674664120634302,4.10145331608519,4.128851548285362,0.0,,,,,,,,,3.7930171653641085
canonical,B2_sweep,3,800,99,structured,ES,k=3,,,3.0,plain,3.8152871116017018,0.08905550894729626,3.6351198917347127,3.6668896395619437,3.95814792739802,3.9767856262285477,0.0,,,,,,,,,3.7930171653641085
canonical,B2_sweep,3,800,99,structured,ATT,ATT,,,,plain,3.8347692956112023,0.05695910422506099,3.72230386322561,3.738081017178815,3.9262604437679567,3.9444995320608656,0.0,,,,,,,,,3.7930171653641094
canonical,B2_sweep,3,800,99,structured,CATT,surface,,,,plain,,,,,,,,0.24129541276093605,0.14778045183692476,1528.0,0.038778643089051476,0.9757853403141361,0.8073401907761121,0.9391361256544503,0.6798613336616762,
canonical,B2_sweep,3,800,99,structured,GATT,g=4_t=4,4.0,4.0,0.0,corrected,3.893149809946517,0.11638855777316162,3.657319737213631,3.698488413332166,4.088198410445327,4.118609327142806,0.0,,,,,,,,,3.7930171653641085
canonical,B2_sweep,3,800,99,structured,GATT,g=4_t=5,4.0,5.0,1.0,corrected,3.765599941966108,0.11560476675908443,3.5431308844288907,3.580393725082114,3.950203389743617,3.9878424390819114,0.0,,,,,,,,,3.7930171653641085
canonical,B2_sweep,3,800,99,structured,GATT,g=4_t=6,4.0,6.0,2.0,corrected,4.055869175416093,0.12188527575926204,3.8160058223608,3.8524942955878227,4.25650553913538,4.292116502737966,0.0,,,,,,,,,3.7930171653641085
canonical,B2_sweep,3,800,99,structured,GATT,g=4_t=7,4.0,7.0,3.0,corrected,3.8209557556429137,0.1157229040942672,3.5947526286897196,3.6280086784450845,4.010235872969677,4.050155823060346,0.0,,,,,,,,,3.7930171653641085
canonical,B2_sweep,3,800,99,structured,ES,k=0,,,0.0,corrected,3.893149809946517,0.11638855777316162,3.657319737213631,3.698488413332166,4.088198410445327,4.118609327142806,0.0,,,,,,,,,3.7930171653641085
canonical,B2_sweep,3,800,99,structured,ES,k=1,,,1.0,corrected,3.765599941966108,0.11560476675908443,3.5431308844288907,3.580393725082114,3.950203389743617,3.9878424390819114,0.0,,,,,,,,,3.7930171653641085
canonical,B2_sweep,3,800,99,structured,ES,k=2,,,2.0,corrected,4.055869175416093,0.12188527575926204,3.8160058223608,3.8524942955878227,4.25650553913538,4.292116502737966,0.0,,,,,,,,,3.7930171653641085
canonical,B2_sweep,3,800,99,structured,ES,k=3,,,3.0,corrected,3.8209557556429137,0.1157229040942672,3.5947526286897196,3.6280086784450845,4.010235872969677,4.050155823060346,0.0,,,,,,,,,3.7930171653641085
canonical,B2_sweep,3,800,99,structured,ATT,ATT,,,,corrected,3.883893670742908,0.09921982142997653,3.6865111343971706,3.719006729638151,4.0492262381192266,4.07455970808627,0.0,,,,,,,,,3.7930171653641094
canonical,B2_sweep,3,800,99,structured,CATT,surface,,,,corrected,,,,,,,,1.033135618190088,0.7937963202451443,1528.0,0.23601949149601748,0.2709424083769634,0.45937875483249724,0.22905759162303665,0.38643952496170325,
